ID_Transaction,ID_Client,Date,Nature,Montant,Canal,Agence
900001,1244,2025-06-01,Débit,476706,Mobile,Yopougon
900002,1185,2025-06-01,Crédit,592569,Mobile,Yopougon
900003,1011,2025-06-01,Crédit,132126,Mobile,Cocody
900004,1296,2025-06-01,Débit,303433,Mobile,Yopougon
900005,1262,2025-06-01,Crédit,777303,Web,Plateau
900006,1196,2025-06-01,Crédit,491279,GAB,Cocody
900007,1173,2025-06-01,Crédit,666938,Web,Plateau
900008,1041,2025-06-01,Débit,365317,GAB,Yopougon
900009,1163,2025-06-01,Crédit,749943,Mobile,Bouaké
900010,1139,2025-06-01,Crédit,385805,Web,Bouaké
900011,1086,2025-06-01,Débit,29223,GAB,Cocody
900012,1129,2025-06-01,Débit,225800,GAB,Bouaké
900013,1053,2025-06-01,Débit,71891,Web,Plateau
900014,1014,2025-06-01,Crédit,554435,Agence,Plateau
900015,1135,2025-06-01,Débit,93406,Web,Yopougon
900016,1118,2025-06-01,Débit,778422,Mobile,Bouaké
900017,1065,2025-06-01,Débit,557329,GAB,Plateau
900018,1018,2025-06-01,Crédit,345998,Web,Bouaké
900019,1277,2025-06-01,Crédit,580191,Web,Cocody
900020,1277,2025-06-01,Débit,624531,Web,Bouaké
900021,1269,2025-06-01,Crédit,369032,Web,Cocody
900022,1046,2025-06-01,Crédit,327823,Mobile,Bouaké
900023,1134,2025-06-01,Débit,323319,Agence,Plateau
900024,1268,2025-06-01,Débit,365589,Mobile,Bouaké
900025,1274,2025-06-01,Débit,726179,Web,Bouaké
900026,1154,2025-06-01,Débit,456344,Mobile,Cocody
900027,1004,2025-06-01,Crédit,202731,Web,Bouaké
900028,1203,2025-06-01,Débit,176200,Web,Bouaké
900029,1113,2025-06-01,Crédit,88057,Web,Cocody
900030,1265,2025-06-01,Crédit,303505,Mobile,Bouaké
900031,1097,2025-06-01,Débit,196267,GAB,Yopougon
900032,1057,2025-06-01,Crédit,652736,Web,Yopougon
900033,1252,2025-06-01,Débit,341219,Agence,Cocody
900034,1026,2025-06-01,Débit,199969,Agence,Yopougon
900035,1138,2025-06-01,Débit,754937,Web,Plateau
900036,1120,2025-06-01,Débit,163003,Agence,Bouaké
900037,1112,2025-06-01,Crédit,445656,Mobile,Bouaké
900038,1191,2025-06-01,Crédit,735789,Agence,Yopougon
900039,1042,2025-06-01,Débit,63760,Mobile,Bouaké
900040,1037,2025-06-01,Crédit,195425,GAB,Yopougon
900041,1196,2025-06-01,Débit,132885,GAB,Bouaké
900042,1227,2025-06-01,Débit,778449,Agence,Cocody
900043,1236,2025-06-01,Débit,551453,GAB,Bouaké
900044,1200,2025-06-01,Crédit,343756,GAB,Plateau
900045,1282,2025-06-01,Débit,270617,Web,Yopougon
900046,1102,2025-06-01,Crédit,59617,GAB,Plateau
900047,1121,2025-06-01,Crédit,345277,Agence,Cocody
900048,1142,2025-06-01,Débit,420035,GAB,Plateau
900049,1022,2025-06-01,Crédit,726846,GAB,Yopougon
900050,1046,2025-06-01,Débit,170358,Web,Plateau
900051,1174,2025-06-01,Débit,-25000,Mobile,Cocody
900052,1275,2025-06-01,Débit,136939,Web,Cocody
900053,1163,2025-06-01,Crédit,465030,GAB,Plateau
900054,1194,2025-06-01,Crédit,764587,GAB,Yopougon
900055,1021,2025-06-01,Crédit,745951,Web,Yopougon
900056,1278,2025-06-01,Crédit,203994,GAB,Yopougon
900057,1166,2025-06-01,Crédit,293698,GAB,Plateau
900058,1272,2025-06-01,Débit,476213,Mobile,Yopougon
900059,1278,2025-06-01,Crédit,481136,Agence,Bouaké
900060,1095,2025-06-01,Débit,654838,Mobile,Cocody
900061,1165,2025-06-01,Débit,695266,Web,Cocody
900062,1269,2025-06-01,Crédit,583255,GAB,Yopougon
900063,1166,2025-06-01,Crédit,677036,Mobile,Plateau
900064,1050,2025-06-01,Débit,50903,GAB,Cocody
900065,1017,2025-06-01,Débit,117255,Web,Cocody
900066,1051,2025-06-01,Débit,603749,Web,Bouaké
900067,1270,2025-06-01,Crédit,56470,Mobile,Cocody
900068,1037,2025-06-01,Débit,223877,Web,Plateau
900069,1240,2025-06-01,Débit,383458,Web,Yopougon
900070,1030,2025-06-01,Crédit,559718,Agence,Plateau
900071,1156,2025-06-01,Débit,231387,Agence,Plateau
900072,1119,2025-06-01,Crédit,203663,GAB,Cocody
900073,1292,2025-06-01,Débit,590549,Web,Plateau
900074,1296,2025-06-01,Crédit,712256,Web,Bouaké
900075,1054,2025-06-01,Débit,194159,Web,Yopougon
900076,1081,2025-06-01,Crédit,374438,Mobile,Yopougon
900077,1191,2025-06-01,Crédit,669001,Web,Yopougon
900078,1124,2025-06-01,Débit,398282,Mobile,Yopougon
900079,1232,2025-06-01,Crédit,421379,Agence,Plateau
900080,1146,2025-06-01,Débit,547752,GAB,Yopougon
900081,1004,2025-06-01,Crédit,237665,GAB,Yopougon
900082,1012,2025-06-01,Crédit,585557,GAB,Plateau
900083,1020,2025-06-01,Crédit,377932,GAB,Cocody
900084,1136,2025-06-01,Crédit,615434,GAB,Cocody
900085,1132,2025-06-01,Crédit,101369,Web,Cocody
900086,1040,2025-06-01,Crédit,510972,GAB,Bouaké
900087,1296,2025-06-01,Débit,629145,Mobile,Plateau
900088,1296,2025-06-01,Crédit,87289,Agence,Yopougon
900089,1179,2025-06-01,Crédit,441754,Agence,Cocody
900090,1006,2025-06-01,Crédit,61757,Mobile,Plateau
900091,1164,2025-06-01,Débit,347707,GAB,Cocody
900092,1026,2025-06-01,Crédit,472262,Agence,Cocody
900093,1222,2025-06-01,Crédit,418477,GAB,Cocody
900094,1173,2025-06-01,Débit,503969,Agence,Bouaké
900095,1135,2025-06-01,Débit,422885,Web,Cocody
900096,1070,2025-06-01,Crédit,591464,GAB,Bouaké
900097,1203,2025-06-01,Débit,593426,GAB,Cocody
900098,1037,2025-06-01,Crédit,455956,Mobile,Plateau
900099,1058,2025-06-01,Crédit,449114,Mobile,Yopougon
900100,1098,2025-06-01,Crédit,366260,Agence,Yopougon
900101,1087,2025-06-01,Crédit,651154,Web,Cocody
900102,1226,2025-06-01,Débit,249831,GAB,Yopougon
900103,1080,2025-06-01,Débit,122830,Agence,Cocody
900104,1076,2025-06-01,Crédit,19400,Mobile,Plateau
900105,1157,2025-06-01,Crédit,499078,Agence,Yopougon
900106,1108,2025-06-01,Débit,218701,Mobile,Bouaké
900107,1073,2025-06-01,Débit,399900,Agence,Yopougon
900108,1088,2025-06-01,Débit,302809,GAB,Yopougon
900109,1028,2025-06-01,Crédit,691563,Agence,Plateau
900110,1199,2025-06-01,Crédit,700186,Mobile,Plateau
900111,1010,2025-06-01,Crédit,685956,Web,Cocody
900112,1195,2025-06-01,Débit,335779,Web,Plateau
900113,1096,2025-06-01,Débit,529970,Web,Plateau
900114,1021,2025-06-01,Débit,560132,Mobile,Yopougon
900115,1251,2025-06-01,Crédit,785550,GAB,Plateau
900116,1178,2025-06-01,Crédit,377640,Mobile,Cocody
900117,1257,2025-06-01,Crédit,70021,Mobile,Bouaké
900118,1016,2025-06-01,Crédit,241540,GAB,Yopougon
900119,1202,2025-06-01,Débit,97059,Web,Cocody
900120,1214,2025-06-01,Débit,605727,GAB,Bouaké
900121,1160,2025-06-01,Crédit,475988,GAB,Cocody
900122,1071,2025-06-01,Débit,149818,Mobile,Cocody
900123,1221,2025-06-01,Débit,693108,GAB,Yopougon
900124,1035,2025-06-01,Débit,198079,Mobile,Cocody
900125,1016,2025-06-01,Crédit,439152,Web,Yopougon
900126,1227,2025-06-01,Crédit,164338,GAB,Plateau
900127,1068,2025-06-01,Débit,32470,Mobile,Cocody
900128,1119,2025-06-01,Débit,725767,Agence,Yopougon
900129,1041,2025-06-01,Crédit,145600,Web,Yopougon
900130,1095,2025-06-01,Crédit,520318,Web,Cocody
900131,1084,2025-06-01,Débit,242264,Agence,Bouaké
900132,1008,2025-06-01,Crédit,438108,GAB,Cocody
900133,1105,2025-06-01,Débit,190679,Web,Bouaké
900134,1167,2025-06-01,Crédit,263771,Web,Bouaké
900135,1022,2025-06-01,Crédit,760185,Mobile,Bouaké
900136,1293,2025-06-01,Débit,550940,Agence,Bouaké
900137,1234,2025-06-01,Débit,262657,Web,Plateau
900138,1286,2025-06-01,Crédit,546198,Agence,Cocody
900139,1150,2025-06-01,Crédit,422375,Mobile,Yopougon
900140,1237,2025-06-01,Débit,447983,Mobile,Plateau
900141,1265,2025-06-01,Débit,491097,Web,Plateau
900142,1257,2025-06-01,Débit,193503,GAB,Bouaké
900143,1212,2025-06-01,Crédit,477788,Agence,Cocody
900144,1233,2025-06-01,Débit,481769,Agence,Yopougon
900145,1166,2025-06-01,Débit,758270,Agence,Plateau
900146,1059,2025-06-01,Crédit,669873,Mobile,Plateau
900147,1269,2025-06-01,Crédit,767182,GAB,Bouaké
900148,1282,2025-06-01,Crédit,51038,GAB,Yopougon
900149,1290,2025-06-01,Débit,174999,GAB,Cocody
900150,1027,2025-06-01,Crédit,328026,Mobile,Bouaké
900151,1148,2025-06-01,Débit,128264,GAB,Cocody
900152,1002,2025-06-01,Crédit,17800,Web,Bouaké
900153,1256,2025-06-01,Débit,642517,Web,Cocody
900154,1112,2025-06-01,Crédit,480779,Web,Bouaké
900155,1041,2025-06-01,Débit,261600,Mobile,Cocody
900156,1026,2025-06-01,Débit,160457,Agence,Yopougon
900157,1019,2025-06-01,Débit,39007,Mobile,Yopougon
900158,1045,2025-06-01,Débit,119176,Web,Cocody
900159,1083,2025-06-01,Crédit,645774,GAB,Bouaké
900160,1297,2025-06-01,Crédit,42581,Agence,Yopougon
900161,1166,2025-06-01,Crédit,402346,Agence,Bouaké
900162,1282,2025-06-01,Débit,312057,Web,Cocody
900163,1063,2025-06-01,Crédit,350200,Web,Cocody
900164,1108,2025-06-01,Débit,119611,Agence,Bouaké
900165,1148,2025-06-01,Crédit,643419,Mobile,Yopougon
900166,1270,2025-06-01,Crédit,141014,Web,Bouaké
900167,1253,2025-06-01,Débit,644008,GAB,Yopougon
900168,1100,2025-06-01,Débit,128949,Agence,Bouaké
900169,1061,2025-06-01,Débit,650197,Web,Bouaké
900170,1024,2025-06-01,Crédit,371634,GAB,Plateau
900171,1104,2025-06-01,Crédit,271776,Agence,Yopougon
900172,1154,2025-06-01,Crédit,11429,Agence,Yopougon
900173,1175,2025-06-01,Crédit,764584,Agence,Cocody
900174,1100,2025-06-01,Crédit,359352,Web,Bouaké
900175,1019,2025-06-01,Débit,509884,GAB,Bouaké
900176,1275,2025-06-01,Crédit,489935,Web,Plateau
900177,1267,2025-06-01,Crédit,597385,Mobile,Plateau
900178,1107,2025-06-01,Crédit,375771,Agence,Cocody
900179,1144,2025-06-01,Débit,360627,Web,Cocody
900180,1293,2025-06-01,Crédit,201481,Agence,Yopougon
900181,1162,2025-06-01,Débit,289685,Web,Plateau
900182,1255,2025-06-01,Débit,394633,Web,Yopougon
900183,1111,2025-06-01,Crédit,188514,Agence,Yopougon
900184,1020,2025-06-01,Débit,102102,Web,Plateau
900185,1248,2025-06-01,Débit,204451,Mobile,Bouaké
900186,1269,2025-06-01,Crédit,348238,GAB,Plateau
900187,1265,2025-06-01,Débit,220154,Agence,Bouaké
900188,1199,2025-06-01,Débit,9309,Mobile,Plateau
900189,1045,2025-06-01,Crédit,494554,Agence,Plateau
900190,1267,2025-06-01,Crédit,28572,Mobile,Cocody
900191,1165,2025-06-01,Débit,206898,Mobile,Yopougon
900192,1273,2025-06-01,Crédit,467543,Agence,Yopougon
900193,1077,2025-06-01,Débit,291929,Agence,Plateau
900194,1287,2025-06-01,Débit,221612,Mobile,Yopougon
900195,1139,2025-06-01,Débit,743568,Mobile,Cocody
900196,1088,2025-06-01,Débit,331503,Mobile,Bouaké
900197,1026,2025-06-01,Débit,35401,Web,Plateau
900198,1055,2025-06-01,Crédit,61413,Agence,Bouaké
900199,1201,2025-06-01,Débit,743908,Web,Yopougon
900200,1160,2025-06-01,Crédit,212772,Agence,Bouaké
900201,1291,2025-06-01,Débit,102429,Web,Plateau
900202,1234,2025-06-01,Crédit,722727,Web,Bouaké
900203,1119,2025-06-01,Débit,155703,Mobile,Yopougon
900204,1201,2025-06-01,Débit,738599,Mobile,Yopougon
900205,1233,2025-06-01,Crédit,36734,Agence,Bouaké
900206,1058,2025-06-01,Crédit,506903,Web,Cocody
900207,1145,2025-06-01,Crédit,638801,GAB,Plateau
900208,1208,2025-06-01,Débit,346699,Agence,Yopougon
900209,1273,2025-06-01,Crédit,425286,Web,Cocody
900210,1125,2025-06-01,Débit,510806,Web,Plateau
900211,1175,2025-06-01,Débit,732774,Web,Bouaké
900212,1291,2025-06-01,Crédit,575977,GAB,Cocody
900213,1040,2025-06-01,Crédit,124876,Web,Yopougon
900214,1285,2025-06-01,Débit,471843,GAB,Yopougon
900215,1208,2025-06-01,Débit,632320,Agence,Bouaké
900216,1168,2025-06-01,Crédit,681320,Agence,Plateau
900217,1112,2025-06-01,Débit,613979,Agence,Cocody
900218,1077,2025-06-01,Crédit,562062,Mobile,Bouaké
900219,1296,2025-06-01,Crédit,210171,GAB,Yopougon
900220,1154,2025-06-01,Crédit,460844,Mobile,Plateau
900221,1299,2025-06-01,Débit,646194,Web,Cocody
900222,1151,2025-06-01,Débit,392158,Agence,Plateau
900223,1287,2025-06-01,Crédit,120027,Mobile,Plateau
900224,1121,2025-06-01,Crédit,741333,Web,Yopougon
900225,1196,2025-06-01,Crédit,405099,Web,Cocody
900226,1089,2025-06-01,Crédit,150824,GAB,Bouaké
900227,1185,2025-06-01,Crédit,166760,Mobile,Cocody
900228,1069,2025-06-01,Débit,80231,Agence,Cocody
900229,1250,2025-06-01,Crédit,147371,Agence,Cocody
900230,1213,2025-06-01,Crédit,734169,Web,Cocody
900231,1233,2025-06-01,Crédit,583866,Web,Bouaké
900232,1182,2025-06-01,Débit,199816,Web,Plateau
900233,1296,2025-06-01,Crédit,771418,GAB,Yopougon
900234,1211,2025-06-01,Crédit,40087,Agence,Bouaké
900235,1189,2025-06-01,Débit,613455,Web,Plateau
900236,1073,2025-06-01,Crédit,492521,Agence,Plateau
900237,1126,2025-06-01,Crédit,666297,Agence,Yopougon
900238,1028,2025-06-01,Crédit,566023,Agence,Bouaké
900239,1233,2025-06-01,Crédit,606846,Mobile,Bouaké
900240,1181,2025-06-01,Crédit,308257,GAB,Plateau
900241,1156,2025-06-01,Crédit,69401,Web,Cocody
900242,1294,2025-06-01,Débit,693201,Mobile,Plateau
900243,1147,2025-06-01,Crédit,91518,GAB,Plateau
900244,1143,2025-06-01,Crédit,143976,Mobile,Yopougon
900245,1132,2025-06-01,Débit,782444,Agence,Cocody
900246,1078,2025-06-01,Crédit,392728,GAB,Yopougon
900247,1121,2025-06-01,Crédit,194592,Agence,Yopougon
900248,1044,2025-06-01,Débit,629473,GAB,Bouaké
900249,1212,2025-06-01,Crédit,254505,Web,Cocody
900250,1108,2025-06-01,Crédit,61964,Mobile,Plateau
900251,1027,2025-06-01,Débit,491554,Web,Bouaké
900252,1155,2025-06-01,Crédit,787395,GAB,Bouaké
900253,1200,2025-06-01,Crédit,280382,GAB,Bouaké
900254,1007,2025-06-01,Crédit,475622,Web,Yopougon
900255,1272,2025-06-01,Débit,107093,Mobile,Bouaké
900256,1140,2025-06-01,Crédit,288457,Mobile,Plateau
900257,1131,2025-06-01,Crédit,488507,GAB,Cocody
900258,1267,2025-06-01,Crédit,715638,GAB,Yopougon
900259,1281,2025-06-01,Débit,710483,Agence,Plateau
900260,1007,2025-06-01,Crédit,107444,Agence,Bouaké
900261,1180,2025-06-01,Débit,765480,Mobile,Yopougon
900262,1099,2025-06-01,Débit,29851,Agence,Plateau
900263,1112,2025-06-01,Débit,747470,Agence,Plateau
900264,1067,2025-06-01,Crédit,693279,GAB,Plateau
900265,1095,2025-06-01,Crédit,313877,Web,Plateau
900266,1233,2025-06-01,Crédit,452724,Mobile,Yopougon
900267,1083,2025-06-01,Débit,295756,Agence,Bouaké
900268,1199,2025-06-01,Crédit,67976,Mobile,Yopougon
900269,1092,2025-06-01,Crédit,77769,Web,Cocody
900270,1202,2025-06-01,Débit,681838,Web,Plateau
900271,1074,2025-06-01,Crédit,233994,Agence,Bouaké
900272,1133,2025-06-01,Débit,41554,Agence,Plateau
900273,1293,2025-06-01,Crédit,472541,Agence,Bouaké
900274,1077,2025-06-01,Débit,44673,Web,Yopougon
900275,1078,2025-06-01,Crédit,415339,Agence,Bouaké
900276,1245,2025-06-01,Crédit,428533,Agence,Cocody
900277,1002,2025-06-01,Crédit,727742,Web,Plateau
900278,1291,2025-06-01,Crédit,354636,Mobile,Bouaké
900279,1029,2025-06-01,Débit,388102,Mobile,Plateau
900280,1236,2025-06-01,Crédit,684259,GAB,Cocody
900281,1284,2025-06-01,Débit,407824,GAB,Yopougon
900282,1200,2025-06-01,Débit,666249,Mobile,Bouaké
900283,1044,2025-06-01,Crédit,776043,GAB,Cocody
900284,1019,2025-06-01,Débit,31596,GAB,Bouaké
900285,1200,2025-06-01,Débit,571809,Mobile,Bouaké
900286,1274,2025-06-01,Crédit,22215,Agence,Yopougon
900287,1029,2025-06-01,Crédit,761035,Agence,Bouaké
900288,1061,2025-06-01,Débit,690611,Web,Cocody
900289,1297,2025-06-01,Débit,80532,Agence,Cocody
900290,1251,2025-06-01,Débit,499109,Agence,Cocody
900291,1067,2025-06-01,Débit,185616,Agence,Yopougon
900292,1050,2025-06-01,Crédit,645916,GAB,Plateau
900293,1055,2025-06-01,Débit,526292,GAB,Plateau
900294,1104,2025-06-01,Crédit,358729,Web,Yopougon
900295,1062,2025-06-01,Débit,342211,GAB,Plateau
900296,1089,2025-06-01,Crédit,71292,Agence,Yopougon
900297,1073,2025-06-01,Crédit,181214,Mobile,Cocody
900298,1225,2025-06-01,Débit,615256,Agence,Cocody
900299,1052,2025-06-01,Crédit,170416,Agence,Bouaké
900300,1042,2025-06-01,Débit,12574,GAB,Plateau
900301,1146,2025-06-01,Crédit,732191,Web,Cocody
900302,1106,2025-06-01,Débit,675905,Mobile,Bouaké
900303,1211,2025-06-01,Débit,188027,Agence,Cocody
900304,1256,2025-06-01,Débit,662658,Mobile,Yopougon
900305,1215,2025-06-01,Débit,589801,GAB,Cocody
900306,1061,2025-06-01,Débit,653985,Mobile,Cocody
900307,1238,2025-06-01,Débit,294854,Agence,Cocody
900308,1058,2025-06-01,Débit,723530,Web,Bouaké
900309,1091,2025-06-01,Débit,707695,Agence,Plateau
900310,1187,2025-06-01,Crédit,224770,Web,Yopougon
900311,1172,2025-06-01,Crédit,50421,Agence,Plateau
900312,1276,2025-06-01,Débit,170722,Agence,Bouaké
900313,1264,2025-06-01,Débit,79301,GAB,Bouaké
900314,1297,2025-06-01,Crédit,444422,GAB,Yopougon
900315,1118,2025-06-01,Débit,346974,GAB,Plateau
900316,1122,2025-06-01,Crédit,214668,Web,Cocody
900317,1038,2025-06-01,Crédit,618513,Web,Plateau
900318,1224,2025-06-01,Débit,231665,Web,Cocody
900319,1199,2025-06-01,Crédit,148030,Web,Cocody
900320,1184,2025-06-01,Crédit,217033,Mobile,Cocody
900321,1017,2025-06-01,Débit,299234,GAB,Plateau
900322,1239,2025-06-01,Crédit,443539,GAB,Yopougon
900323,1113,2025-06-01,Crédit,637958,GAB,Cocody
900324,1296,2025-06-01,Débit,95674,Web,Bouaké
900325,1111,2025-06-01,Crédit,490242,Mobile,Plateau
900326,1220,2025-06-01,Débit,264870,Mobile,Bouaké
900327,1297,2025-06-01,Débit,625517,GAB,Plateau
900328,1214,2025-06-01,Débit,47004,Web,Plateau
900329,1218,2025-06-01,Crédit,507550,Agence,Bouaké
900330,1254,2025-06-01,Débit,92127,Agence,Bouaké
900331,1112,2025-06-01,Débit,380815,Mobile,Cocody
900332,1047,2025-06-01,Débit,508088,Mobile,Cocody
900333,1236,2025-06-01,Débit,481935,Web,Cocody
900334,1208,2025-06-01,Débit,393414,Web,Plateau
900335,1037,2025-06-01,Crédit,729304,Mobile,Plateau
900336,1152,2025-06-01,Crédit,794460,Mobile,Cocody
900337,1042,2025-06-01,Crédit,776501,Agence,Yopougon
900338,1027,2025-06-01,Débit,406557,Mobile,Bouaké
900339,1021,2025-06-01,Crédit,389232,GAB,Plateau
900340,1288,2025-06-01,Débit,150129,Mobile,Cocody
900341,1277,2025-06-01,Débit,685566,Web,Cocody
900342,1116,2025-06-01,Crédit,374844,Mobile,Bouaké
900343,1142,2025-06-01,Débit,71447,Mobile,Yopougon
900344,1232,2025-06-01,Crédit,530808,Agence,Bouaké
900345,1273,2025-06-01,Crédit,478933,Mobile,Plateau
900346,1097,2025-06-01,Crédit,96549,Agence,Bouaké
900347,1092,2025-06-01,Crédit,85685,Agence,Cocody
900348,1142,2025-06-01,Débit,735943,GAB,Bouaké
900349,1078,2025-06-01,Débit,550980,Agence,Yopougon
900350,1214,2025-06-01,Débit,501925,Mobile,Bouaké
900351,1228,2025-06-01,Débit,310677,GAB,Plateau
900352,1012,2025-06-01,Débit,549861,Mobile,Bouaké
900353,1297,2025-06-01,Crédit,692614,Mobile,Bouaké
900354,1272,2025-06-01,Crédit,485255,Mobile,Cocody
900355,1157,2025-06-01,Débit,277637,GAB,Bouaké
900356,1191,2025-06-01,Crédit,54617,GAB,Yopougon
900357,1146,2025-06-01,Crédit,179444,GAB,Yopougon
900358,1094,2025-06-01,Débit,747508,GAB,Cocody
900359,1122,2025-06-01,Débit,48150,Mobile,Cocody
900360,1226,2025-06-01,Crédit,392629,GAB,Cocody
900361,1288,2025-06-01,Débit,702883,Mobile,Yopougon
900362,1076,2025-06-01,Crédit,475211,GAB,Yopougon
900363,1063,2025-06-01,Débit,429214,Web,Cocody
900364,1235,2025-06-01,Crédit,168633,Agence,Yopougon
900365,1152,2025-06-01,Crédit,308905,GAB,Bouaké
900366,1174,2025-06-01,Débit,772180,Web,Plateau
900367,1072,2025-06-01,Débit,328047,Agence,Bouaké
900368,1113,2025-06-01,Crédit,379754,Agence,Yopougon
900369,1029,2025-06-01,Débit,616772,GAB,Yopougon
900370,1101,2025-06-01,Débit,92649,Web,Plateau
900371,1263,2025-06-01,Crédit,208895,Web,Yopougon
900372,1262,2025-06-01,Débit,704155,Mobile,Bouaké
900373,1076,2025-06-01,Crédit,392585,Web,Yopougon
900374,1007,2025-06-01,Crédit,366675,Mobile,Yopougon
900375,1229,2025-06-01,Débit,231172,Web,Bouaké
900376,1227,2025-06-01,Crédit,176746,Web,Bouaké
900377,1072,2025-06-01,Débit,155616,GAB,Yopougon
900378,1244,2025-06-01,Crédit,74327,Web,Plateau
900379,1004,2025-06-01,Crédit,674836,Mobile,Bouaké
900380,1090,2025-06-01,Crédit,749747,GAB,Cocody
900381,1096,2025-06-01,Crédit,308524,Web,Plateau
900382,1155,2025-06-01,Crédit,523101,Web,Cocody
900383,1014,2025-06-01,Débit,166505,Mobile,Yopougon
900384,1242,2025-06-01,Débit,690572,Mobile,Bouaké
900385,1092,2025-06-01,Crédit,726255,GAB,Plateau
900386,1062,2025-06-01,Crédit,522000,Agence,Yopougon
900387,1298,2025-06-01,Crédit,598047,Web,Yopougon
900388,1244,2025-06-01,Débit,396330,Agence,Yopougon
900389,1084,2025-06-01,Débit,158235,Mobile,Bouaké
900390,1070,2025-06-01,Crédit,176241,Agence,Yopougon
900391,1185,2025-06-01,Crédit,672153,Mobile,Plateau
900392,1149,2025-06-01,Crédit,560338,Agence,Cocody
900393,1094,2025-06-01,Débit,632847,GAB,Yopougon
900394,1162,2025-06-01,Crédit,289645,Mobile,Plateau
900395,1274,2025-06-01,Crédit,155698,Agence,Cocody
900396,1266,2025-06-01,Crédit,396133,Web,Bouaké
900397,1175,2025-06-01,Débit,112392,GAB,Cocody
900398,1258,2025-06-01,Débit,202569,Agence,Bouaké
900399,1236,2025-06-01,Débit,127227,GAB,Plateau
900400,1246,2025-06-01,Crédit,331708,Mobile,Cocody
900401,1227,2025-06-01,Crédit,185572,Mobile,Plateau
900402,1061,2025-06-01,Débit,139966,GAB,Cocody
900403,1158,2025-06-01,Débit,225034,GAB,Plateau
900404,1218,2025-06-01,Débit,86511,Agence,Bouaké
900405,1221,2025-06-01,Débit,210888,Agence,Plateau
900406,1263,2025-06-01,Débit,496868,Agence,Yopougon
900407,1023,2025-06-01,Débit,321298,Agence,Plateau
900408,1064,2025-06-01,Débit,621146,GAB,Cocody
900409,1180,2025-06-01,Débit,100189,GAB,Yopougon
900410,1297,2025-06-01,Crédit,374311,GAB,Cocody
900411,1259,2025-06-01,Débit,108919,Agence,Cocody
900412,1099,2025-06-01,Crédit,185117,Agence,Plateau
900413,1110,2025-06-01,Crédit,389264,GAB,Bouaké
900414,1055,2025-06-01,Débit,377058,Web,Bouaké
900415,1110,2025-06-01,Débit,432376,Agence,Yopougon
900416,1064,2025-06-01,Crédit,120674,GAB,Bouaké
900417,1185,2025-06-01,Crédit,589195,Agence,Plateau
900418,1168,2025-06-01,Crédit,126343,Web,Yopougon
900419,1234,2025-06-01,Crédit,725420,Web,Cocody
900420,1284,2025-06-01,Crédit,309704,Web,Cocody
900421,1036,2025-06-01,Crédit,717120,Mobile,Cocody
900422,1007,2025-06-01,Crédit,709743,Agence,Bouaké
900423,1225,2025-06-01,Débit,130008,GAB,Bouaké
900424,1206,2025-06-01,Débit,782447,GAB,Plateau
900425,1187,2025-06-01,Débit,360081,GAB,Bouaké
900426,1063,2025-06-01,Débit,450334,Web,Yopougon
900427,1298,2025-06-01,Crédit,798041,Web,Yopougon
900428,1244,2025-06-01,Crédit,513069,Mobile,Cocody
900429,1233,2025-06-01,Débit,133125,Mobile,Bouaké
900430,1255,2025-06-01,Débit,663894,GAB,Plateau
900431,1051,2025-06-01,Débit,76542,Web,Plateau
900432,1092,2025-06-01,Crédit,638952,Mobile,Cocody
900433,1156,2025-06-01,Débit,85234,Web,Bouaké
900434,1104,2025-06-01,Crédit,699255,Web,Bouaké
900435,1259,2025-06-01,Crédit,573787,Mobile,Plateau
900436,1017,2025-06-01,Crédit,129921,Web,Bouaké
900437,1162,2025-06-01,Crédit,469053,Web,Plateau
900438,1017,2025-06-01,Débit,588707,Mobile,Cocody
900439,1252,2025-06-01,Crédit,146021,Mobile,Bouaké
900440,1250,2025-06-01,Débit,601487,Web,Bouaké
900441,1244,2025-06-01,Débit,536297,Agence,Bouaké
900442,1135,2025-06-01,Crédit,624755,Web,Yopougon
900443,1146,2025-06-01,Crédit,69407,Agence,Plateau
900444,1066,2025-06-01,Crédit,370823,Agence,Yopougon
900445,1195,2025-06-01,Débit,453945,Mobile,Yopougon
900446,1211,2025-06-01,Crédit,64191,GAB,Cocody
900447,1121,2025-06-01,Crédit,626314,Agence,Plateau
900448,1157,2025-06-01,Débit,358993,GAB,Plateau
900449,1276,2025-06-01,Crédit,44193,Web,Bouaké
900450,1291,2025-06-01,Crédit,284570,Agence,Bouaké
900451,1012,2025-06-01,Crédit,401086,Web,Yopougon
900452,1294,2025-06-01,Débit,517081,Agence,Cocody
900453,1173,2025-06-01,Crédit,532191,Mobile,Cocody
900454,1154,2025-06-01,Crédit,462169,GAB,Bouaké
900455,1039,2025-06-01,Débit,306314,Mobile,Plateau
900456,1153,2025-06-01,Crédit,241858,Agence,Plateau
900457,1173,2025-06-01,Crédit,75537,Web,Bouaké
900458,1108,2025-06-01,Crédit,85385,Mobile,Yopougon
900459,1222,2025-06-01,Crédit,214795,Web,Bouaké
900460,1129,2025-06-01,Crédit,709181,GAB,Plateau
900461,1265,2025-06-01,Débit,609864,Web,Cocody
900462,1240,2025-06-01,Crédit,673914,Web,Plateau
900463,1268,2025-06-01,Débit,386969,Web,Cocody
900464,1124,2025-06-01,Débit,787692,Mobile,Bouaké
900465,1211,2025-06-01,Crédit,72557,GAB,Bouaké
900466,1137,2025-06-01,Crédit,682424,GAB,Yopougon
900467,1121,2025-06-01,Crédit,255067,Agence,Cocody
900468,1099,2025-06-01,Débit,262516,Mobile,Bouaké
900469,1249,2025-06-01,Crédit,447519,Agence,Cocody
900470,1082,2025-06-01,Crédit,148057,Agence,Yopougon
900471,1143,2025-06-01,Débit,680591,Agence,Bouaké
900472,1011,2025-06-01,Débit,93006,Mobile,Yopougon
900473,1033,2025-06-01,Crédit,386088,Agence,Bouaké
900474,1072,2025-06-01,Débit,122369,Agence,Yopougon
900475,1255,2025-06-01,Débit,254641,Agence,Yopougon
900476,1169,2025-06-01,Crédit,789727,GAB,Bouaké
900477,1112,2025-06-01,Débit,117002,GAB,Cocody
900478,1141,2025-06-01,Crédit,433212,Mobile,Plateau
900479,1252,2025-06-01,Crédit,738602,Agence,Yopougon
900480,1280,2025-06-01,Crédit,502920,GAB,Yopougon
900481,1075,2025-06-01,Crédit,503306,Mobile,Yopougon
900482,1011,2025-06-01,Débit,780369,Agence,Cocody
900483,1130,2025-06-01,Crédit,329291,Mobile,Plateau
900484,1274,2025-06-01,Débit,468892,Web,Plateau
900485,1202,2025-06-01,Crédit,320504,Agence,Cocody
900486,1153,2025-06-01,Débit,173010,Web,Yopougon
900487,1209,2025-06-01,Débit,292348,Agence,Bouaké
900488,1242,2025-06-01,Crédit,353884,Web,Plateau
900489,1083,2025-06-01,Crédit,535930,Agence,Yopougon
900490,1216,2025-06-01,Crédit,480279,Agence,Plateau
900491,1095,2025-06-01,Crédit,677240,GAB,Plateau
900492,1206,2025-06-01,Débit,663816,Mobile,Yopougon
900493,1295,2025-06-01,Débit,121211,GAB,Cocody
900494,1265,2025-06-01,Débit,627871,Web,Yopougon
900495,1232,2025-06-01,Crédit,775883,GAB,Yopougon
900496,1089,2025-06-01,Crédit,300485,GAB,Plateau
900497,1213,2025-06-01,Crédit,195724,Web,Bouaké
900498,1293,2025-06-01,Débit,26741,Agence,Cocody
900499,1046,2025-06-01,Crédit,212897,Mobile,Cocody
900500,1026,2025-06-01,Crédit,653024,Web,Yopougon
900501,1077,2025-06-01,Débit,390792,GAB,Plateau
900502,1008,2025-06-01,Crédit,480747,Web,Plateau
900503,1115,2025-06-01,Débit,204800,Mobile,Yopougon
900504,1254,2025-06-01,Crédit,141523,Web,Cocody
900505,1111,2025-06-01,Crédit,767008,GAB,Bouaké
900506,1093,2025-06-01,Crédit,158032,Agence,Yopougon
900507,1135,2025-06-01,Débit,652684,Web,Cocody
900508,1190,2025-06-01,Crédit,94903,Agence,Bouaké
900509,1069,2025-06-01,Crédit,731687,Web,Cocody
900510,1197,2025-06-01,Crédit,776861,Mobile,Plateau
900511,1049,2025-06-01,Débit,59644,Mobile,Cocody
900512,1242,2025-06-01,Crédit,640829,Agence,Plateau
900513,1130,2025-06-01,Crédit,322201,Web,Yopougon
900514,1068,2025-06-01,Débit,613684,GAB,Yopougon
900515,1087,2025-06-01,Crédit,360652,Web,Cocody
900516,1046,2025-06-01,Crédit,749756,Web,Cocody
900517,1134,2025-06-01,Débit,333486,Agence,Cocody
900518,1256,2025-06-01,Crédit,789149,Mobile,Bouaké
900519,1145,2025-06-01,Crédit,647705,Mobile,Yopougon
900520,1224,2025-06-01,Débit,335870,Web,Cocody
900521,1285,2025-06-01,Crédit,60807,GAB,Cocody
900522,1028,2025-06-01,Débit,197037,Agence,Bouaké
900523,1134,2025-06-01,Débit,745255,Web,Bouaké
900524,1060,2025-06-01,Crédit,47773,Web,Yopougon
900525,1288,2025-06-01,Crédit,484995,Web,Plateau
900526,1076,2025-06-01,Débit,371586,Agence,Cocody
900527,1146,2025-06-01,Débit,181470,Mobile,Cocody
900528,1299,2025-06-01,Débit,556567,GAB,Bouaké
900529,1040,2025-06-01,Débit,527307,Agence,Yopougon
900530,1014,2025-06-01,Crédit,719407,Agence,Bouaké
900531,1192,2025-06-01,Débit,344254,GAB,Plateau
900532,1042,2025-06-01,Crédit,747084,Web,Bouaké
900533,1138,2025-06-01,Débit,350429,Agence,Bouaké
900534,1167,2025-06-01,Débit,226634,Agence,Yopougon
900535,1166,2025-06-01,Débit,784930,Agence,Bouaké
900536,1048,2025-06-01,Crédit,272558,GAB,Cocody
900537,1205,2025-06-01,Débit,26508,GAB,Cocody
900538,1199,2025-06-01,Crédit,303776,GAB,Plateau
900539,1153,2025-06-01,Crédit,458360,Mobile,Cocody
900540,1184,2025-06-01,Débit,390306,GAB,Bouaké
900541,1229,2025-06-01,Crédit,504583,Mobile,Bouaké
900542,1047,2025-06-01,Crédit,391123,GAB,Bouaké
900543,1219,2025-06-01,Débit,47402,Mobile,Bouaké
900544,1115,2025-06-01,Débit,524383,Agence,Yopougon
900545,1240,2025-06-01,Crédit,88029,Web,Yopougon
900546,1077,2025-06-01,Débit,722555,Mobile,Cocody
900547,1268,2025-06-01,Crédit,314834,Agence,Plateau
900548,1024,2025-06-01,Débit,540456,Web,Bouaké
900549,1049,2025-06-01,Crédit,697956,Mobile,Yopougon
900550,1131,2025-06-01,Débit,532899,Agence,Plateau
900551,1237,2025-06-01,Débit,196059,Web,Plateau
900552,1043,2025-06-01,Crédit,743594,Mobile,Yopougon
900553,1233,2025-06-01,Crédit,659112,Mobile,Yopougon
900554,1096,2025-06-01,Débit,199078,Agence,Yopougon
900555,1055,2025-06-01,Crédit,565333,Agence,Plateau
900556,1203,2025-06-01,Débit,18950,GAB,Bouaké
900557,1236,2025-06-01,Crédit,694666,Web,Yopougon
900558,1185,2025-06-01,Crédit,322358,Agence,Cocody
900559,1070,2025-06-01,Débit,205070,Agence,Plateau
900560,1097,2025-06-01,Débit,224393,Web,Cocody
900561,1124,2025-06-01,Crédit,661470,GAB,Plateau
900562,1155,2025-06-01,Crédit,160362,Web,Bouaké
900563,1012,2025-06-01,Débit,179174,GAB,Bouaké
900564,1249,2025-06-01,Crédit,25581,Web,Cocody
900565,1104,2025-06-01,Crédit,602091,Web,Plateau
900566,1171,2025-06-01,Débit,112650,Web,Bouaké
900567,1254,2025-06-01,Crédit,43815,Web,Bouaké
900568,1249,2025-06-01,Crédit,248170,Agence,Plateau
900569,1217,2025-06-01,Crédit,585130,Agence,Yopougon
900570,1214,2025-06-01,Crédit,127621,Web,Yopougon
900571,1230,2025-06-01,Crédit,26817,GAB,Yopougon
900572,1099,2025-06-01,Crédit,365550,Web,Cocody
900573,1260,2025-06-01,Débit,621204,Mobile,Bouaké
900574,1068,2025-06-01,Crédit,763115,Web,Bouaké
900575,1185,2025-06-01,Crédit,174896,GAB,Yopougon
900576,1045,2025-06-01,Crédit,140367,GAB,Cocody
900577,1081,2025-06-01,Crédit,110805,Web,Bouaké
900578,1156,2025-06-01,Débit,224606,Agence,Plateau
900579,1184,2025-06-01,Crédit,379387,GAB,Cocody
900580,1258,2025-06-01,Débit,71758,Mobile,Bouaké
900581,1059,2025-06-01,Débit,131550,GAB,Bouaké
900582,1133,2025-06-01,Crédit,377497,Agence,Yopougon
900583,1078,2025-06-01,Débit,745719,Agence,Bouaké
900584,1235,2025-06-01,Débit,116035,Agence,Plateau
900585,1260,2025-06-01,Débit,180160,Agence,Cocody
900586,1186,2025-06-01,Débit,768729,Mobile,Bouaké
900587,1260,2025-06-01,Crédit,773136,Agence,Cocody
900588,1187,2025-06-01,Crédit,149464,Agence,Cocody
900589,1225,2025-06-01,Crédit,11907,GAB,Bouaké
900590,1175,2025-06-01,Crédit,534554,GAB,Plateau
900591,1137,2025-06-01,Crédit,754941,Web,Yopougon
900592,1126,2025-06-01,Débit,794794,Web,Cocody
900593,1071,2025-06-01,Crédit,438491,Web,Bouaké
900594,1265,2025-06-01,Crédit,36208,Web,Cocody
900595,1006,2025-06-01,Débit,93896,Mobile,Yopougon
900596,1206,2025-06-01,Débit,460157,Agence,Bouaké
900597,1019,2025-06-01,Débit,607466,Agence,Yopougon
900598,1215,2025-06-01,Crédit,718944,Mobile,Yopougon
900599,1177,2025-06-01,Débit,298371,GAB,Bouaké
900600,1229,2025-06-01,Débit,575871,Web,Yopougon
900601,1208,2025-06-01,Débit,321178,Agence,Plateau
900602,1276,2025-06-01,Crédit,413937,GAB,Yopougon
900603,1110,2025-06-01,Débit,541526,Mobile,Yopougon
900604,1082,2025-06-01,Débit,34246,Mobile,Cocody
900605,1156,2025-06-01,Crédit,534818,Agence,Plateau
900606,1191,2025-06-01,Crédit,662446,Mobile,Plateau
900607,1025,2025-06-01,Débit,475534,Mobile,Plateau
900608,1233,2025-06-01,Crédit,252565,GAB,Yopougon
900609,1154,2025-06-01,Crédit,704318,GAB,Bouaké
900610,1267,2025-06-01,Débit,115338,Mobile,Cocody
900611,1185,2025-06-01,Crédit,107747,GAB,Bouaké
900612,1211,2025-06-01,Débit,101729,Agence,Bouaké
900613,1067,2025-06-01,Crédit,230217,Web,Plateau
900614,1190,2025-06-01,Crédit,621813,Web,Yopougon
900615,1300,2025-06-01,Crédit,672377,Web,Bouaké
900616,1251,2025-06-01,Crédit,175753,GAB,Cocody
900617,1249,2025-06-01,Crédit,140670,Agence,Cocody
900618,1234,2025-06-01,Crédit,39191,GAB,Yopougon
900619,1061,2025-06-01,Crédit,120695,Agence,Yopougon
900620,1293,2025-06-01,Crédit,47238,GAB,Plateau
900621,1191,2025-06-01,Crédit,397649,Mobile,Yopougon
900622,1249,2025-06-01,Débit,154809,GAB,Bouaké
900623,1025,2025-06-01,Crédit,302252,GAB,Cocody
900624,1251,2025-06-01,Débit,133270,Mobile,Plateau
900625,1023,2025-06-01,Crédit,509550,Mobile,Bouaké
900626,1173,2025-06-01,Crédit,503312,GAB,Cocody
900627,1259,2025-06-01,Crédit,476785,Web,Cocody
900628,1167,2025-06-01,Débit,660119,Web,Bouaké
900629,1120,2025-06-01,Crédit,360465,Agence,Bouaké
900630,1143,2025-06-01,Débit,178659,Agence,Yopougon
900631,1288,2025-06-01,Débit,680192,Agence,Cocody
900632,1278,2025-06-01,Débit,602944,GAB,Bouaké
900633,1258,2025-06-01,Débit,131126,GAB,Plateau
900634,1141,2025-06-01,Débit,262201,Web,Plateau
900635,1274,2025-06-01,Crédit,426315,Agence,Bouaké
900636,1012,2025-06-01,Crédit,463245,GAB,Bouaké
900637,1013,2025-06-01,Crédit,405567,Mobile,Plateau
900638,1059,2025-06-01,Débit,573096,GAB,Yopougon
900639,1074,2025-06-01,Débit,272968,Agence,Cocody
900640,1158,2025-06-01,Crédit,716572,GAB,Plateau
900641,1167,2025-06-01,Débit,33491,Agence,Yopougon
900642,1200,2025-06-01,Débit,340587,GAB,Bouaké
900643,1166,2025-06-01,Crédit,398754,Agence,Plateau
900644,1104,2025-06-01,Débit,793669,GAB,Bouaké
900645,1261,2025-06-01,Crédit,125671,Mobile,Plateau
900646,1163,2025-06-01,Crédit,584989,Web,Plateau
900647,1248,2025-06-01,Débit,432288,GAB,Plateau
900648,1138,2025-06-01,Débit,263281,GAB,Yopougon
900649,1291,2025-06-01,Crédit,472646,Agence,Cocody
900650,1073,2025-06-01,Crédit,571692,GAB,Cocody
900651,1276,2025-06-01,Crédit,587119,Web,Plateau
900652,1001,2025-06-01,Crédit,655882,Mobile,Cocody
900653,1001,2025-06-01,Débit,510608,Mobile,Yopougon
900654,1195,2025-06-01,Crédit,667917,GAB,Yopougon
900655,1024,2025-06-01,Débit,780089,Agence,Yopougon
900656,1046,2025-06-01,Crédit,737356,Agence,Cocody
900657,1285,2025-06-01,Crédit,457945,GAB,Yopougon
900658,1176,2025-06-01,Crédit,794256,Web,Yopougon
900659,1126,2025-06-01,Crédit,363224,GAB,Bouaké
900660,1169,2025-06-01,Débit,730452,GAB,Plateau
900661,1244,2025-06-01,Débit,15043,GAB,Bouaké
900662,1285,2025-06-01,Crédit,416871,Agence,Plateau
900663,1276,2025-06-01,Débit,709237,Web,Plateau
900664,1181,2025-06-01,Crédit,635520,Mobile,Bouaké
900665,1091,2025-06-01,Débit,135824,Web,Yopougon
900666,1099,2025-06-01,Crédit,14818,GAB,Plateau
900667,1144,2025-06-01,Crédit,205814,Agence,Yopougon
900668,1114,2025-06-01,Débit,522795,Mobile,Plateau
900669,1144,2025-06-01,Crédit,743247,GAB,Plateau
900670,1101,2025-06-01,Crédit,121335,Mobile,Bouaké
900671,1088,2025-06-01,Débit,696890,GAB,Plateau
900672,1066,2025-06-01,Débit,138620,Mobile,Cocody
900673,1268,2025-06-01,Crédit,206170,Agence,Yopougon
900674,1287,2025-06-01,Crédit,7049,Web,Plateau
900675,1166,2025-06-01,Crédit,431640,Mobile,Plateau
900676,1266,2025-06-01,Crédit,524647,Mobile,Plateau
900677,1115,2025-06-01,Débit,296433,Web,Bouaké
900678,1162,2025-06-01,Débit,415893,GAB,Yopougon
900679,1042,2025-06-01,Débit,778266,GAB,Bouaké
900680,1039,2025-06-01,Débit,211440,GAB,Yopougon
900681,1160,2025-06-01,Débit,661403,Agence,Plateau
900682,1246,2025-06-01,Crédit,30190,Mobile,Yopougon
900683,1127,2025-06-01,Débit,501580,GAB,Yopougon
900684,1028,2025-06-01,Crédit,549918,GAB,Plateau
900685,1225,2025-06-01,Débit,660725,Web,Plateau
900686,1044,2025-06-01,Débit,39963,Web,Yopougon
900687,1034,2025-06-01,Débit,70014,Web,Plateau
900688,1155,2025-06-01,Crédit,73986,Agence,Plateau
900689,1287,2025-06-01,Débit,314242,Web,Bouaké
900690,1050,2025-06-01,Crédit,249435,Agence,Bouaké
900691,1197,2025-06-01,Crédit,453901,Agence,Yopougon
900692,1014,2025-06-01,Crédit,547337,Mobile,Cocody
900693,1056,2025-06-01,Débit,17885,Agence,Cocody
900694,1294,2025-06-01,Débit,673324,Mobile,Yopougon
900695,1216,2025-06-01,Crédit,764822,Web,Cocody
900696,1125,2025-06-01,Débit,51211,Agence,Cocody
900697,1160,2025-06-01,Crédit,543051,Mobile,Yopougon
900698,1299,2025-06-01,Débit,159569,Web,Yopougon
900699,1176,2025-06-01,Crédit,391746,Agence,Cocody
900700,1030,2025-06-01,Débit,536741,Agence,Bouaké
900701,1177,2025-06-01,Débit,215105,GAB,Plateau
900702,1175,2025-06-01,Débit,705302,Web,Bouaké
900703,1170,2025-06-01,Crédit,651030,Mobile,Bouaké
900704,1169,2025-06-01,Débit,114940,Web,Plateau
900705,1254,2025-06-01,Débit,8876,GAB,Cocody
900706,1239,2025-06-01,Débit,255629,Web,Yopougon
900707,1193,2025-06-01,Débit,424758,GAB,Plateau
900708,1186,2025-06-01,Débit,82312,Mobile,Plateau
900709,1285,2025-06-01,Débit,154319,Mobile,Bouaké
900710,1100,2025-06-01,Crédit,51037,Agence,Cocody
900711,1102,2025-06-01,Crédit,187605,GAB,Yopougon
900712,1090,2025-06-01,Crédit,586440,GAB,Cocody
900713,1101,2025-06-01,Débit,189630,Mobile,Plateau
900714,1011,2025-06-01,Débit,402329,Agence,Yopougon
900715,1108,2025-06-01,Crédit,483364,GAB,Yopougon
900716,1191,2025-06-01,Débit,557522,Web,Plateau
900717,1061,2025-06-01,Débit,142148,GAB,Cocody
900718,1273,2025-06-01,Crédit,733082,Mobile,Yopougon
900719,1220,2025-06-01,Débit,53439,GAB,Yopougon
900720,1077,2025-06-01,Crédit,264178,Agence,Yopougon
900721,1065,2025-06-01,Crédit,224401,Agence,Bouaké
900722,1034,2025-06-01,Débit,538320,Web,Yopougon
900723,1256,2025-06-01,Crédit,192693,Mobile,Yopougon
900724,1270,2025-06-01,Crédit,755413,Web,Bouaké
900725,1138,2025-06-01,Crédit,674102,Agence,Cocody
900726,1113,2025-06-01,Débit,479040,GAB,Bouaké
900727,1112,2025-06-01,Crédit,450668,Web,Cocody
900728,1192,2025-06-01,Crédit,582295,Agence,Cocody
900729,1044,2025-06-01,Crédit,471097,Mobile,Cocody
900730,1299,2025-06-01,Débit,492853,Mobile,Bouaké
900731,1231,2025-06-01,Crédit,458515,Web,Yopougon
900732,1255,2025-06-01,Crédit,291281,Web,Plateau
900733,1092,2025-06-01,Crédit,250147,Mobile,Plateau
900734,1184,2025-06-01,Débit,313824,Agence,Yopougon
900735,1117,2025-06-01,Débit,129348,Agence,Yopougon
900736,1020,2025-06-01,Débit,354970,GAB,Yopougon
900737,1129,2025-06-01,Crédit,786410,Mobile,Cocody
900738,1071,2025-06-01,Crédit,13948,Mobile,Yopougon
900739,1178,2025-06-01,Crédit,430468,Agence,Bouaké
900740,1263,2025-06-01,Débit,421814,GAB,Cocody
900741,1108,2025-06-01,Crédit,250076,Web,Bouaké
900742,1175,2025-06-01,Débit,333282,GAB,Bouaké
900743,1214,2025-06-01,Débit,464990,Web,Plateau
900744,1192,2025-06-01,Débit,610561,GAB,Yopougon
900745,1005,2025-06-01,Crédit,695852,Mobile,Yopougon
900746,1116,2025-06-01,Crédit,451399,Web,Yopougon
900747,1167,2025-06-01,Débit,600148,Agence,Cocody
900748,1079,2025-06-01,Crédit,600791,Web,Bouaké
900749,1105,2025-06-01,Crédit,71803,Web,Cocody
900750,1244,2025-06-01,Débit,349815,Web,Yopougon
900751,1048,2025-06-01,Débit,114380,GAB,Plateau
900752,1251,2025-06-01,Débit,200760,GAB,Plateau
900753,1198,2025-06-01,Crédit,220893,GAB,Yopougon
900754,1269,2025-06-01,Débit,481749,Agence,Yopougon
900755,1266,2025-06-01,Débit,185172,Mobile,Bouaké
900756,1201,2025-06-01,Débit,121123,GAB,Bouaké
900757,1245,2025-06-01,Débit,412888,GAB,Cocody
900758,1106,2025-06-01,Crédit,458195,Web,Cocody
900759,1295,2025-06-01,Crédit,621029,GAB,Bouaké
900760,1142,2025-06-01,Débit,12804,GAB,Bouaké
900761,1033,2025-06-01,Crédit,639229,GAB,Yopougon
900762,1292,2025-06-01,Crédit,487559,Web,Plateau
900763,1047,2025-06-01,Crédit,682693,Web,Yopougon
900764,1153,2025-06-01,Crédit,647805,GAB,Bouaké
900765,1128,2025-06-01,Débit,652743,Web,Bouaké
900766,1197,2025-06-01,Débit,737453,Agence,Bouaké
900767,1023,2025-06-01,Débit,170603,Mobile,Yopougon
900768,1035,2025-06-01,Débit,522459,Web,Plateau
900769,1189,2025-06-01,Débit,797091,Agence,Yopougon
900770,1210,2025-06-01,Crédit,177846,Mobile,Cocody
900771,1260,2025-06-01,Débit,489617,Agence,Plateau
900772,1237,2025-06-01,Crédit,365351,Web,Cocody
900773,1204,2025-06-01,Débit,16258,Mobile,Plateau
900774,1070,2025-06-01,Crédit,707855,Web,Bouaké
900775,1237,2025-06-01,Débit,91558,GAB,Bouaké
900776,1072,2025-06-01,Crédit,297701,GAB,Cocody
900777,1010,2025-06-01,Débit,190846,Mobile,Plateau
900778,1274,2025-06-01,Crédit,181636,Agence,Plateau
900779,1140,2025-06-01,Débit,467063,Mobile,Cocody
900780,1111,2025-06-01,Débit,712835,GAB,Bouaké
900781,1025,2025-06-01,Débit,414593,Mobile,Bouaké
900782,1027,2025-06-01,Débit,56028,Web,Cocody
900783,1128,2025-06-01,Crédit,255127,GAB,Plateau
900784,1009,2025-06-01,Crédit,34301,Agence,Yopougon
900785,1099,2025-06-01,Débit,236282,Agence,Cocody
900786,1086,2025-06-01,Débit,440872,Agence,Yopougon
900787,1166,2025-06-01,Débit,660017,GAB,Bouaké
900788,1220,2025-06-01,Débit,248697,GAB,Plateau
900789,1183,2025-06-01,Crédit,187055,Agence,Bouaké
900790,1162,2025-06-01,Débit,413091,GAB,Bouaké
900791,1113,2025-06-01,Débit,694922,Mobile,Yopougon
900792,1023,2025-06-01,Débit,234177,Web,Yopougon
900793,1256,2025-06-01,Débit,752143,GAB,Yopougon
900794,1049,2025-06-01,Crédit,666519,Web,Cocody
900795,1171,2025-06-01,Débit,671216,Mobile,Bouaké
900796,1035,2025-06-01,Crédit,23506,Web,Bouaké
900797,1262,2025-06-01,Débit,532874,Agence,Cocody
900798,1011,2025-06-01,Débit,328851,GAB,Bouaké
900799,1125,2025-06-01,Débit,67833,GAB,Yopougon
900800,1256,2025-06-01,Crédit,216824,GAB,Bouaké
900801,1105,2025-06-01,Débit,254628,Web,Yopougon
900802,1069,2025-06-01,Crédit,337963,Agence,Bouaké
900803,1148,2025-06-01,Débit,245134,Mobile,Yopougon
900804,1125,2025-06-01,Débit,570509,Agence,Cocody
900805,1114,2025-06-01,Crédit,551802,Mobile,Cocody
900806,1227,2025-06-01,Débit,72755,Web,Plateau
900807,1099,2025-06-01,Débit,670181,GAB,Cocody
900808,1065,2025-06-01,Débit,187112,GAB,Cocody
900809,1260,2025-06-01,Débit,451944,Web,Yopougon
900810,1085,2025-06-01,Débit,261822,Web,Cocody
900811,1128,2025-06-01,Crédit,304214,Web,Cocody
900812,1140,2025-06-01,Crédit,88902,Mobile,Bouaké
900813,1194,2025-06-01,Débit,498578,Web,Bouaké
900814,1259,2025-06-01,Crédit,168450,Web,Plateau
900815,1196,2025-06-01,Crédit,92275,Mobile,Cocody
900816,1284,2025-06-01,Débit,274789,Web,Bouaké
900817,1157,2025-06-01,Crédit,301983,Web,Bouaké
900818,1037,2025-06-01,Crédit,148294,Web,Cocody
900819,1080,2025-06-01,Débit,9383,Agence,Yopougon
900820,1252,2025-06-01,Crédit,441019,Web,Yopougon
900821,1197,2025-06-01,Crédit,327763,Agence,Bouaké
900822,1020,2025-06-01,Débit,408519,GAB,Cocody
900823,1224,2025-06-01,Crédit,793086,Mobile,Bouaké
900824,1189,2025-06-01,Débit,687524,Web,Bouaké
900825,1127,2025-06-01,Débit,505931,Agence,Yopougon
900826,1015,2025-06-01,Débit,279025,Web,Cocody
900827,1131,2025-06-01,Débit,636399,GAB,Plateau
900828,1060,2025-06-01,Débit,680699,Web,Bouaké
900829,1042,2025-06-01,Débit,448489,GAB,Bouaké
900830,1130,2025-06-01,Crédit,529966,Web,Yopougon
900831,1211,2025-06-01,Débit,119582,Mobile,Cocody
900832,1138,2025-06-01,Débit,789639,Web,Yopougon
900833,1004,2025-06-01,Débit,520609,Agence,Plateau
900834,1036,2025-06-01,Crédit,555462,Web,Yopougon
900835,1221,2025-06-01,Débit,189970,Mobile,Cocody
900836,1069,2025-06-01,Débit,515102,GAB,Plateau
900837,1231,2025-06-01,Débit,199655,GAB,Plateau
900838,1094,2025-06-01,Débit,276950,Web,Bouaké
900839,1056,2025-06-01,Débit,88686,Mobile,Plateau
900840,1194,2025-06-01,Débit,295206,Agence,Yopougon
900841,1016,2025-06-01,Débit,506111,Web,Plateau
900842,1005,2025-06-01,Débit,284005,Agence,Plateau
900843,1050,2025-06-01,Débit,552707,Agence,Bouaké
900844,1267,2025-06-01,Crédit,514530,Web,Yopougon
900845,1220,2025-06-01,Crédit,393796,Mobile,Yopougon
900846,1123,2025-06-01,Crédit,702385,Web,Bouaké
900847,1030,2025-06-01,Crédit,351297,Agence,Plateau
900848,1234,2025-06-01,Crédit,765448,GAB,Plateau
900849,1063,2025-06-01,Crédit,738232,GAB,Yopougon
900850,1232,2025-06-01,Crédit,544926,Web,Cocody
900851,1002,2025-06-01,Crédit,22438,Mobile,Plateau
900852,1167,2025-06-01,Crédit,249903,Web,Bouaké
900853,1042,2025-06-01,Crédit,453702,Web,Plateau
900854,1198,2025-06-01,Crédit,641667,GAB,Cocody
900855,1267,2025-06-01,Débit,139072,Web,Plateau
900856,1155,2025-06-01,Crédit,181216,Web,Plateau
900857,1247,2025-06-01,Débit,260177,GAB,Cocody
900858,1046,2025-06-01,Débit,461018,Agence,Cocody
900859,1168,2025-06-01,Crédit,298976,GAB,Yopougon
900860,1244,2025-06-01,Débit,702802,GAB,Bouaké
900861,1047,2025-06-01,Crédit,239677,Agence,Yopougon
900862,1194,2025-06-01,Crédit,690684,Web,Cocody
900863,1115,2025-06-01,Crédit,126309,Mobile,Plateau
900864,1058,2025-06-01,Débit,361765,GAB,Plateau
900865,1294,2025-06-01,Crédit,138606,Mobile,Bouaké
900866,1296,2025-06-01,Débit,330896,Agence,Cocody
900867,1199,2025-06-01,Crédit,340169,Mobile,Cocody
900868,1267,2025-06-01,Débit,116763,Web,Plateau
900869,1276,2025-06-01,Crédit,336272,GAB,Yopougon
900870,1113,2025-06-01,Crédit,718011,Web,Cocody
900871,1146,2025-06-01,Débit,788349,Agence,Yopougon
900872,1159,2025-06-01,Débit,291735,Web,Cocody
900873,1254,2025-06-01,Crédit,743344,Web,Plateau
900874,1171,2025-06-01,Débit,756583,GAB,Cocody
900875,1027,2025-06-01,Débit,516185,Web,Yopougon
900876,1082,2025-06-01,Débit,579559,Web,Yopougon
900877,1217,2025-06-01,Crédit,370226,Web,Bouaké
900878,1037,2025-06-01,Crédit,301080,GAB,Bouaké
900879,1050,2025-06-01,Débit,344128,Agence,Yopougon
900880,1235,2025-06-01,Débit,610193,GAB,Bouaké
900881,1248,2025-06-01,Crédit,156857,GAB,Cocody
900882,1101,2025-06-01,Débit,384821,Agence,Cocody
900883,1193,2025-06-01,Crédit,717449,GAB,Plateau
900884,1050,2025-06-01,Crédit,501894,GAB,Plateau
900885,1061,2025-06-01,Crédit,627217,Web,Cocody
900886,1207,2025-06-01,Débit,40644,Agence,Cocody
900887,1204,2025-06-01,Crédit,322393,GAB,Bouaké
900888,1046,2025-06-01,Crédit,686900,Web,Yopougon
900889,1228,2025-06-01,Crédit,17166,Agence,Plateau
900890,1043,2025-06-01,Débit,517982,GAB,Plateau
900891,1294,2025-06-01,Crédit,292021,Agence,Cocody
900892,1197,2025-06-01,Crédit,680908,Web,Yopougon
900893,1293,2025-06-01,Débit,109271,Mobile,Plateau
900894,1276,2025-06-01,Débit,430019,Agence,Bouaké
900895,1285,2025-06-01,Crédit,72037,Agence,Cocody
900896,1061,2025-06-01,Débit,633204,GAB,Plateau
900897,1285,2025-06-01,Crédit,334563,Agence,Plateau
900898,1066,2025-06-01,Débit,689343,GAB,Plateau
900899,1288,2025-06-01,Crédit,794649,Agence,Plateau
900900,1064,2025-06-01,Crédit,386219,GAB,Bouaké
900901,1001,2025-06-01,Débit,320201,Agence,Yopougon
900902,1274,2025-06-01,Crédit,151648,Web,Yopougon
900903,1268,2025-06-01,Crédit,640617,GAB,Plateau
900904,1023,2025-06-01,Débit,43518,GAB,Cocody
900905,1154,2025-06-01,Débit,145727,GAB,Yopougon
900906,1143,2025-06-01,Débit,769521,Web,Plateau
900907,1282,2025-06-01,Crédit,278336,Web,Cocody
900908,1205,2025-06-01,Crédit,92298,Mobile,Bouaké
900909,1074,2025-06-01,Débit,78985,Mobile,Cocody
900910,1191,2025-06-01,Débit,445073,GAB,Yopougon
900911,1223,2025-06-01,Crédit,32168,GAB,Plateau
900912,1139,2025-06-01,Débit,562286,Agence,Bouaké
900913,1034,2025-06-01,Crédit,676274,Agence,Yopougon
900914,1171,2025-06-01,Crédit,158437,GAB,Yopougon
900915,1006,2025-06-01,Débit,400476,GAB,Bouaké
900916,1054,2025-06-01,Débit,189267,Mobile,Bouaké
900917,1049,2025-06-01,Crédit,739480,Mobile,Yopougon
900918,1051,2025-06-01,Débit,184041,Mobile,Bouaké
900919,1093,2025-06-01,Crédit,782306,Web,Bouaké
900920,1066,2025-06-01,Crédit,14958,GAB,Cocody
900921,1074,2025-06-01,Crédit,600130,Mobile,Plateau
900922,1190,2025-06-01,Débit,716160,Web,Bouaké
900923,1094,2025-06-01,Crédit,376197,Web,Yopougon
900924,1142,2025-06-01,Crédit,550883,GAB,Yopougon
900925,1045,2025-06-01,Crédit,431261,Mobile,Plateau
900926,1041,2025-06-01,Débit,770411,GAB,Plateau
900927,1085,2025-06-01,Débit,93693,Mobile,Bouaké
900928,1006,2025-06-01,Crédit,714920,GAB,Bouaké
900929,1255,2025-06-01,Débit,430167,Agence,Cocody
900930,1004,2025-06-01,Crédit,741720,Mobile,Cocody
900931,1271,2025-06-01,Débit,641877,Web,Cocody
900932,1269,2025-06-01,Débit,188305,Agence,Yopougon
900933,1069,2025-06-01,Crédit,58379,Web,Bouaké
900934,1195,2025-06-01,Débit,396416,Agence,Yopougon
900935,1128,2025-06-01,Débit,309154,Mobile,Bouaké
900936,1151,2025-06-01,Crédit,228415,Agence,Bouaké
900937,1112,2025-06-01,Crédit,679206,Agence,Bouaké
900938,1250,2025-06-01,Débit,378024,Agence,Bouaké
900939,1169,2025-06-01,Crédit,376083,Agence,Plateau
900940,1180,2025-06-01,Débit,426598,Mobile,Plateau
900941,1052,2025-06-01,Crédit,520947,GAB,Plateau
900942,1271,2025-06-01,Débit,435670,Agence,Bouaké
900943,1004,2025-06-01,Débit,693530,Mobile,Cocody
900944,1241,2025-06-01,Crédit,397491,Mobile,Yopougon
900945,1220,2025-06-01,Débit,567484,Mobile,Plateau
900946,1225,2025-06-01,Crédit,174695,GAB,Yopougon
900947,1223,2025-06-01,Débit,381687,GAB,Plateau
900948,1098,2025-06-01,Crédit,47211,GAB,Bouaké
900949,1216,2025-06-01,Crédit,38141,GAB,Cocody
900950,1246,2025-06-01,Crédit,129562,Web,Bouaké
900951,1282,2025-06-01,Crédit,719852,GAB,Yopougon
900952,1205,2025-06-01,Crédit,142801,Agence,Plateau
900953,1011,2025-06-01,Débit,168097,Mobile,Plateau
900954,1122,2025-06-01,Débit,716259,Mobile,Bouaké
900955,1005,2025-06-01,Crédit,508518,Mobile,Yopougon
900956,1249,2025-06-01,Débit,454788,GAB,Cocody
900957,1262,2025-06-01,Débit,266584,Mobile,Plateau
900958,1135,2025-06-01,Débit,703698,Web,Cocody
900959,1243,2025-06-01,Débit,740203,GAB,Cocody
900960,1077,2025-06-01,Débit,131312,GAB,Bouaké
900961,1020,2025-06-01,Crédit,206512,GAB,Bouaké
900962,1010,2025-06-01,Débit,100352,Agence,Bouaké
900963,1209,2025-06-01,Crédit,739169,GAB,Cocody
900964,1173,2025-06-01,Crédit,507472,Agence,Bouaké
900965,1027,2025-06-01,Crédit,120400,Mobile,Yopougon
900966,1144,2025-06-01,Crédit,751151,Web,Cocody
900967,1164,2025-06-01,Débit,195580,Agence,Plateau
900968,1027,2025-06-01,Crédit,227274,Mobile,Bouaké
900969,1144,2025-06-01,Débit,456839,GAB,Yopougon
900970,1252,2025-06-01,Crédit,355520,Mobile,Plateau
900971,1050,2025-06-01,Débit,721137,GAB,Yopougon
900972,1185,2025-06-01,Crédit,784020,Mobile,Cocody
900973,1142,2025-06-01,Débit,617711,Web,Plateau
900974,1055,2025-06-01,Débit,665140,Agence,Plateau
900975,1098,2025-06-01,Débit,743889,Web,Plateau
900976,1039,2025-06-01,Crédit,321120,Web,Cocody
900977,1274,2025-06-01,Débit,50939,GAB,Cocody
900978,1215,2025-06-01,Crédit,592565,Mobile,Yopougon
900979,1230,2025-06-01,Débit,462311,Agence,Bouaké
900980,1215,2025-06-01,Débit,180044,Mobile,Cocody
900981,1149,2025-06-01,Débit,598677,Agence,Cocody
900982,1204,2025-06-01,Crédit,722953,Agence,Cocody
900983,1225,2025-06-01,Crédit,594822,Web,Bouaké
900984,1140,2025-06-01,Débit,198007,Agence,Cocody
900985,1293,2025-06-01,Débit,625875,Agence,Bouaké
900986,1258,2025-06-01,Crédit,323148,GAB,Yopougon
900987,1138,2025-06-01,Débit,184420,GAB,Plateau
900988,1274,2025-06-01,Débit,311019,Agence,Cocody
900989,1143,2025-06-01,Débit,288571,Agence,Cocody
900990,1108,2025-06-01,Débit,6467,Mobile,Yopougon
900991,1167,2025-06-01,Débit,744730,Mobile,Cocody
900992,1210,2025-06-01,Crédit,345404,Agence,Plateau
900993,1183,2025-06-01,Débit,770960,Mobile,Cocody
900994,1132,2025-06-01,Débit,568492,Agence,Bouaké
900995,1132,2025-06-01,Débit,468664,GAB,Yopougon
900996,1138,2025-06-01,Débit,614918,Web,Cocody
900997,1229,2025-06-01,Débit,770263,Web,Yopougon
900998,1076,2025-06-01,Crédit,103242,Web,Cocody
900999,1236,2025-06-01,Débit,189665,GAB,Bouaké
901000,1093,2025-06-01,Crédit,27069,Mobile,Cocody
901001,1091,2025-06-01,Crédit,725756,GAB,Plateau
901002,1074,2025-06-01,Débit,452107,GAB,Bouaké
901003,1207,2025-06-01,Débit,764490,GAB,Plateau
901004,1052,2025-06-01,Crédit,407643,Agence,Plateau
901005,1007,2025-06-01,Débit,143599,GAB,Plateau
901006,1138,2025-06-01,Débit,662860,Agence,Plateau
901007,1055,2025-06-01,Crédit,746821,Agence,Cocody
901008,1072,2025-06-01,Crédit,595192,Web,Cocody
901009,1158,2025-06-01,Crédit,507171,GAB,Cocody
901010,1029,2025-06-01,Crédit,662966,Agence,Plateau
901011,1023,2025-06-01,Débit,576098,Mobile,Plateau
901012,1262,2025-06-01,Crédit,153724,Agence,Cocody
901013,1013,2025-06-01,Débit,452883,Web,Cocody
901014,1181,2025-06-01,Crédit,241856,Web,Plateau
901015,1252,2025-06-01,Débit,120485,GAB,Plateau
901016,1145,2025-06-01,Crédit,84995,Mobile,Plateau
901017,1185,2025-06-01,Débit,50452,GAB,Cocody
901018,1220,2025-06-01,Crédit,633738,GAB,Bouaké
901019,1077,2025-06-01,Crédit,660106,Mobile,Yopougon
901020,1054,2025-06-01,Crédit,528502,Mobile,Yopougon
901021,1040,2025-06-01,Débit,160863,GAB,Yopougon
901022,1076,2025-06-01,Crédit,473394,Web,Plateau
901023,1058,2025-06-01,Crédit,767008,Mobile,Cocody
901024,1047,2025-06-01,Crédit,138730,GAB,Bouaké
901025,1181,2025-06-01,Crédit,523213,Web,Bouaké
901026,1212,2025-06-01,Crédit,149935,GAB,Bouaké
901027,1215,2025-06-01,Crédit,569917,Web,Cocody
901028,1197,2025-06-01,Débit,614184,Web,Cocody
901029,1045,2025-06-01,Débit,384279,Agence,Cocody
901030,1009,2025-06-01,Crédit,590498,Web,Cocody
901031,1057,2025-06-01,Débit,371317,Mobile,Cocody
901032,1151,2025-06-01,Crédit,156141,Web,Cocody
901033,1108,2025-06-01,Débit,63579,GAB,Plateau
901034,1074,2025-06-01,Crédit,773691,Agence,Bouaké
901035,1191,2025-06-01,Débit,740473,Agence,Plateau
901036,1245,2025-06-01,Débit,36652,GAB,Yopougon
901037,1073,2025-06-01,Débit,261949,Agence,Plateau
901038,1292,2025-06-01,Crédit,161989,GAB,Bouaké
901039,1072,2025-06-01,Crédit,498024,Web,Yopougon
901040,1228,2025-06-01,Débit,305699,Agence,Cocody
901041,1031,2025-06-01,Débit,638521,GAB,Cocody
901042,1006,2025-06-01,Crédit,449198,Web,Yopougon
901043,1293,2025-06-01,Crédit,748810,GAB,Bouaké
901044,1081,2025-06-01,Crédit,101402,Web,Cocody
901045,1109,2025-06-01,Crédit,654114,Agence,Cocody
901046,1201,2025-06-01,Débit,787233,Agence,Bouaké
901047,1245,2025-06-01,Crédit,689405,Web,Bouaké
901048,1085,2025-06-01,Débit,394523,Web,Cocody
901049,1139,2025-06-01,Débit,114471,Agence,Yopougon
901050,1172,2025-06-01,Débit,256165,Mobile,Cocody
901051,1278,2025-06-01,Débit,73492,GAB,Plateau
901052,1159,2025-06-01,Débit,583490,GAB,Plateau
901053,1124,2025-06-01,Crédit,94170,Agence,Bouaké
901054,1024,2025-06-01,Débit,334861,Agence,Yopougon
901055,1005,2025-06-01,Crédit,793193,Mobile,Bouaké
901056,1257,2025-06-01,Débit,334748,Web,Yopougon
901057,1067,2025-06-01,Débit,352412,Web,Plateau
901058,1258,2025-06-01,Débit,29835,Web,Bouaké
901059,1020,2025-06-01,Crédit,174054,GAB,Bouaké
901060,1041,2025-06-01,Débit,758362,GAB,Cocody
901061,1073,2025-06-01,Débit,530986,Mobile,Bouaké
901062,1068,2025-06-01,Crédit,309969,Mobile,Bouaké
901063,1021,2025-06-01,Crédit,255725,GAB,Plateau
901064,1079,2025-06-01,Crédit,107137,Agence,Cocody
901065,1159,2025-06-01,Débit,528147,Agence,Bouaké
901066,1161,2025-06-01,Débit,314967,GAB,Plateau
901067,1144,2025-06-01,Crédit,375533,Agence,Plateau
901068,1092,2025-06-01,Crédit,275473,Web,Yopougon
901069,1227,2025-06-01,Débit,134988,Web,Plateau
901070,1187,2025-06-01,Crédit,425415,Web,Cocody
901071,1226,2025-06-01,Crédit,542373,Mobile,Yopougon
901072,1043,2025-06-01,Crédit,535519,Web,Yopougon
901073,1022,2025-06-01,Débit,782039,GAB,Plateau
901074,1080,2025-06-01,Débit,309779,Web,Cocody
901075,1292,2025-06-01,Crédit,81523,GAB,Bouaké
901076,1237,2025-06-01,Débit,370887,Web,Bouaké
901077,1274,2025-06-01,Crédit,119419,Agence,Cocody
901078,1056,2025-06-01,Crédit,459153,GAB,Bouaké
901079,1169,2025-06-01,Débit,337697,Mobile,Bouaké
901080,1109,2025-06-01,Crédit,124879,Mobile,Bouaké
901081,1020,2025-06-01,Débit,497796,GAB,Cocody
901082,1164,2025-06-01,Débit,635275,Web,Plateau
901083,1186,2025-06-01,Crédit,501405,GAB,Plateau
901084,1109,2025-06-01,Débit,721881,Web,Yopougon
901085,1130,2025-06-01,Débit,92651,GAB,Plateau
901086,1141,2025-06-01,Crédit,90678,Mobile,Bouaké
901087,1215,2025-06-01,Débit,707173,Mobile,Cocody
901088,1028,2025-06-01,Débit,454350,Mobile,Yopougon
901089,1085,2025-06-01,Débit,371242,Web,Bouaké
901090,1244,2025-06-01,Débit,735532,Web,Yopougon
901091,1293,2025-06-01,Crédit,15413,GAB,Plateau
901092,1297,2025-06-01,Débit,344458,Mobile,Plateau
901093,1078,2025-06-01,Crédit,159650,Web,Yopougon
901094,1059,2025-06-01,Crédit,280568,Agence,Bouaké
901095,1065,2025-06-01,Crédit,674952,Agence,Plateau
901096,1112,2025-06-01,Débit,445586,GAB,Bouaké
901097,1111,2025-06-01,Crédit,224952,GAB,Plateau
901098,1190,2025-06-01,Crédit,21977,Mobile,Yopougon
901099,1258,2025-06-01,Débit,738287,Web,Bouaké
901100,1212,2025-06-01,Crédit,373814,Mobile,Bouaké
901101,1268,2025-06-01,Crédit,123887,GAB,Bouaké
901102,1220,2025-06-01,Crédit,190488,GAB,Bouaké
901103,1196,2025-06-01,Crédit,696646,Web,Yopougon
901104,1051,2025-06-01,Débit,113854,Agence,Plateau
901105,1211,2025-06-01,Débit,525518,Agence,Bouaké
901106,1258,2025-06-01,Débit,705144,Mobile,Bouaké
901107,1109,2025-06-01,Débit,481713,Web,Plateau
901108,1101,2025-06-01,Crédit,135485,Mobile,Bouaké
901109,1212,2025-06-01,Crédit,12974,Mobile,Cocody
901110,1260,2025-06-01,Crédit,285608,Mobile,Yopougon
901111,1213,2025-06-01,Débit,9359,Web,Plateau
901112,1008,2025-06-01,Débit,165825,Mobile,Yopougon
901113,1172,2025-06-01,Débit,604982,Web,Cocody
901114,1285,2025-06-01,Crédit,207019,Web,Plateau
901115,1296,2025-06-01,Crédit,140130,Web,Cocody
901116,1207,2025-06-01,Crédit,547404,GAB,Bouaké
901117,1119,2025-06-01,Débit,749515,GAB,Plateau
901118,1296,2025-06-01,Crédit,662790,Mobile,Cocody
901119,1166,2025-06-01,Débit,102784,Agence,Plateau
901120,1224,2025-06-01,Débit,664443,GAB,Plateau
901121,1279,2025-06-01,Débit,604569,Web,Plateau
901122,1067,2025-06-01,Crédit,670282,Mobile,Cocody
901123,1123,2025-06-01,Débit,316345,GAB,Cocody
901124,1194,2025-06-01,Crédit,696281,Agence,Yopougon
901125,1043,2025-06-01,Débit,662916,Agence,Plateau
901126,1057,2025-06-01,Crédit,629840,Agence,Plateau
901127,1073,2025-06-01,Crédit,279721,GAB,Plateau
901128,1040,2025-06-01,Crédit,383952,GAB,Bouaké
901129,1052,2025-06-01,Crédit,28023,Web,Plateau
901130,1250,2025-06-01,Débit,225511,Web,Bouaké
901131,1161,2025-06-01,Crédit,173929,GAB,Yopougon
901132,1006,2025-06-01,Débit,696710,Agence,Plateau
901133,1176,2025-06-01,Crédit,512417,Agence,Cocody
901134,1268,2025-06-01,Crédit,132500,GAB,Plateau
901135,1275,2025-06-01,Débit,548157,GAB,Cocody
901136,1187,2025-06-01,Débit,232496,Agence,Yopougon
901137,1071,2025-06-01,Débit,92496,GAB,Yopougon
901138,1141,2025-06-01,Crédit,213915,Agence,Yopougon
901139,1283,2025-06-01,Crédit,494730,Web,Bouaké
901140,1263,2025-06-01,Crédit,207432,Mobile,Cocody
901141,1102,2025-06-01,Crédit,416907,Agence,Yopougon
901142,1085,2025-06-01,Débit,762135,Web,Bouaké
901143,1229,2025-06-01,Crédit,630297,Mobile,Yopougon
901144,1056,2025-06-01,Crédit,455167,GAB,Yopougon
901145,1192,2025-06-01,Débit,476233,GAB,Plateau
901146,1262,2025-06-01,Crédit,620377,Web,Yopougon
901147,1272,2025-06-01,Crédit,422654,Agence,Plateau
901148,1093,2025-06-01,Crédit,455244,GAB,Yopougon
901149,1126,2025-06-01,Débit,230636,Mobile,Yopougon
901150,1075,2025-06-01,Crédit,133244,Agence,Yopougon
901151,1006,2025-06-01,Crédit,229156,Web,Yopougon
901152,1120,2025-06-01,Débit,409321,Mobile,Cocody
901153,1270,2025-06-01,Débit,112919,Mobile,Plateau
901154,1294,2025-06-01,Crédit,720267,Web,Yopougon
901155,1164,2025-06-01,Débit,211698,Agence,Bouaké
901156,1256,2025-06-01,Débit,292745,Web,Plateau
901157,1064,2025-06-01,Crédit,184453,Mobile,Bouaké
901158,1122,2025-06-01,Débit,303882,Agence,Plateau
901159,1237,2025-06-01,Crédit,142424,Web,Plateau
901160,1274,2025-06-01,Débit,358778,Agence,Plateau
901161,1241,2025-06-01,Débit,440241,Mobile,Yopougon
901162,1163,2025-06-01,Crédit,424791,Agence,Yopougon
901163,1253,2025-06-01,Débit,417433,Mobile,Bouaké
901164,1253,2025-06-01,Débit,397068,Agence,Plateau
901165,1115,2025-06-01,Débit,15901,GAB,Plateau
901166,1166,2025-06-01,Crédit,242336,GAB,Plateau
901167,1098,2025-06-01,Crédit,568670,Agence,Plateau
901168,1133,2025-06-01,Débit,121185,Agence,Yopougon
901169,1039,2025-06-01,Crédit,350326,Web,Yopougon
901170,1088,2025-06-01,Débit,616795,Web,Plateau
901171,1065,2025-06-01,Crédit,160190,Web,Bouaké
901172,1063,2025-06-01,Débit,610956,Web,Bouaké
901173,1144,2025-06-01,Crédit,771367,Web,Cocody
901174,1048,2025-06-01,Crédit,315624,Agence,Yopougon
901175,1286,2025-06-01,Débit,696515,GAB,Plateau
901176,1039,2025-06-01,Crédit,68194,GAB,Plateau
901177,1111,2025-06-01,Crédit,408764,GAB,Bouaké
901178,1054,2025-06-01,Crédit,223797,Mobile,Yopougon
901179,1233,2025-06-01,Débit,534018,Agence,Cocody
901180,1113,2025-06-01,Crédit,409305,Web,Cocody
901181,1205,2025-06-01,Débit,76973,Mobile,Bouaké
901182,1085,2025-06-01,Crédit,610282,Agence,Cocody
901183,1237,2025-06-01,Débit,786216,Agence,Cocody
901184,1009,2025-06-01,Crédit,201114,Mobile,Plateau
901185,1244,2025-06-01,Crédit,374053,Mobile,Plateau
901186,1282,2025-06-01,Débit,376643,Web,Cocody
901187,1078,2025-06-01,Crédit,531584,Web,Yopougon
901188,1028,2025-06-01,Crédit,290830,Mobile,Plateau
901189,1026,2025-06-01,Crédit,772559,Web,Cocody
901190,1151,2025-06-01,Débit,427253,GAB,Yopougon
901191,1272,2025-06-01,Crédit,548810,Web,Plateau
901192,1026,2025-06-01,Débit,121478,GAB,Plateau
901193,1028,2025-06-01,Débit,608172,Mobile,Cocody
901194,1034,2025-06-01,Débit,293840,GAB,Bouaké
901195,1201,2025-06-01,Crédit,111225,GAB,Yopougon
901196,1254,2025-06-01,Débit,184337,GAB,Yopougon
901197,1148,2025-06-01,Crédit,774531,Agence,Plateau
901198,1095,2025-06-01,Crédit,779992,Mobile,Cocody
901199,1088,2025-06-01,Crédit,719544,Agence,Cocody
901200,1096,2025-06-01,Crédit,482328,GAB,Plateau
901201,1243,2025-06-01,Crédit,355281,Agence,Cocody
901202,1136,2025-06-01,Débit,184018,Agence,Yopougon
901203,1243,2025-06-01,Débit,517027,GAB,Bouaké
901204,1057,2025-06-01,Débit,23235,Mobile,Cocody
901205,1269,2025-06-01,Débit,796666,GAB,Plateau
901206,1052,2025-06-01,Crédit,776947,Mobile,Bouaké
901207,1252,2025-06-01,Crédit,577223,Mobile,Bouaké
901208,1130,2025-06-01,Crédit,486035,Agence,Yopougon
901209,1155,2025-06-01,Crédit,547985,Web,Plateau
901210,1139,2025-06-01,Débit,160084,Web,Cocody
901211,1073,2025-06-01,Crédit,527014,Agence,Cocody
901212,1296,2025-06-01,Crédit,381879,GAB,Plateau
901213,1100,2025-06-01,Crédit,674760,Agence,Yopougon
901214,1279,2025-06-01,Crédit,557501,GAB,Yopougon
901215,1179,2025-06-01,Crédit,415020,Web,Yopougon
901216,1159,2025-06-01,Débit,48096,Mobile,Plateau
901217,1222,2025-06-01,Crédit,599188,Mobile,Yopougon
901218,1057,2025-06-01,Débit,528162,GAB,Bouaké
901219,1077,2025-06-01,Crédit,659096,GAB,Yopougon
901220,1250,2025-06-01,Crédit,72755,Mobile,Plateau
901221,1233,2025-06-01,Débit,232882,Mobile,Plateau
901222,1028,2025-06-01,Crédit,325677,Agence,Bouaké
901223,1181,2025-06-01,Débit,57326,Mobile,Cocody
901224,1180,2025-06-01,Crédit,531378,GAB,Plateau
901225,1139,2025-06-01,Débit,773661,GAB,Bouaké
901226,1300,2025-06-01,Débit,309928,GAB,Plateau
901227,1243,2025-06-01,Crédit,265810,Web,Bouaké
901228,1205,2025-06-01,Débit,278951,Mobile,Yopougon
901229,1089,2025-06-01,Crédit,716902,Mobile,Cocody
901230,1103,2025-06-01,Crédit,147282,Web,Cocody
901231,1155,2025-06-01,Crédit,94755,Mobile,Bouaké
901232,1280,2025-06-01,Débit,399228,Web,Plateau
901233,1071,2025-06-01,Crédit,732851,Mobile,Yopougon
901234,1240,2025-06-01,Crédit,453443,Web,Bouaké
901235,1211,2025-06-01,Crédit,34017,Agence,Bouaké
901236,1046,2025-06-01,Débit,650092,Mobile,Cocody
901237,1298,2025-06-01,Crédit,138457,Mobile,Plateau
901238,1202,2025-06-01,Débit,427515,Agence,Bouaké
901239,1266,2025-06-01,Crédit,61986,Agence,Plateau
901240,1139,2025-06-01,Débit,354682,Agence,Yopougon
901241,1290,2025-06-01,Crédit,729139,Mobile,Plateau
901242,1063,2025-06-01,Débit,740652,GAB,Cocody
901243,1288,2025-06-01,Crédit,148028,GAB,Cocody
901244,1155,2025-06-01,Crédit,759075,Agence,Bouaké
901245,1103,2025-06-01,Débit,75403,Agence,Cocody
901246,1062,2025-06-01,Débit,264214,GAB,Plateau
901247,1243,2025-06-01,Débit,535374,Web,Bouaké
901248,1029,2025-06-01,Débit,319492,Web,Bouaké
901249,1095,2025-06-01,Débit,578276,Mobile,Bouaké
901250,1064,2025-06-01,Crédit,158350,Agence,Cocody
901251,1073,2025-06-01,Débit,184071,GAB,Bouaké
901252,1246,2025-06-01,Crédit,308509,Agence,Bouaké
901253,1189,2025-06-01,Crédit,415191,Web,Plateau
901254,1238,2025-06-01,Crédit,450469,GAB,Plateau
901255,1146,2025-06-01,Crédit,130961,Web,Plateau
901256,1298,2025-06-01,Crédit,40739,Web,Plateau
901257,1182,2025-06-01,Débit,495636,Web,Yopougon
901258,1005,2025-06-01,Débit,380125,GAB,Yopougon
901259,1269,2025-06-01,Crédit,542966,Agence,Cocody
901260,1078,2025-06-01,Crédit,692796,Mobile,Bouaké
901261,1072,2025-06-01,Crédit,695428,Mobile,Bouaké
901262,1035,2025-06-01,Crédit,399812,Web,Cocody
901263,1295,2025-06-01,Crédit,140708,Mobile,Yopougon
901264,1300,2025-06-01,Crédit,75852,Agence,Plateau
901265,1082,2025-06-01,Débit,106229,Agence,Bouaké
901266,1244,2025-06-01,Crédit,247781,GAB,Plateau
901267,1090,2025-06-01,Crédit,797528,Web,Plateau
901268,1032,2025-06-01,Crédit,125034,Agence,Plateau
901269,1227,2025-06-01,Crédit,640996,Agence,Cocody
901270,1165,2025-06-01,Débit,737667,Web,Bouaké
901271,1069,2025-06-01,Débit,210225,Mobile,Bouaké
901272,1225,2025-06-01,Crédit,241450,GAB,Cocody
901273,1223,2025-06-01,Débit,95196,Agence,Plateau
901274,1105,2025-06-01,Débit,152390,Agence,Yopougon
901275,1209,2025-06-01,Débit,362261,GAB,Bouaké
901276,1098,2025-06-01,Débit,603076,Web,Yopougon
901277,1183,2025-06-01,Débit,75416,Web,Bouaké
901278,1193,2025-06-01,Débit,601799,Agence,Cocody
901279,1265,2025-06-01,Crédit,110814,Agence,Bouaké
901280,1119,2025-06-01,Débit,635707,Mobile,Plateau
901281,1115,2025-06-01,Crédit,268592,Web,Yopougon
901282,1035,2025-06-01,Débit,307062,Agence,Cocody
901283,1266,2025-06-01,Crédit,423612,Agence,Plateau
901284,1299,2025-06-01,Crédit,280831,Agence,Plateau
901285,1174,2025-06-01,Crédit,278553,GAB,Yopougon
901286,1031,2025-06-01,Débit,219154,Mobile,Plateau
901287,1121,2025-06-01,Crédit,81453,Agence,Yopougon
901288,1037,2025-06-01,Crédit,632203,Agence,Bouaké
901289,1067,2025-06-01,Crédit,763466,Agence,Plateau
901290,1019,2025-06-01,Crédit,537261,GAB,Yopougon
901291,1221,2025-06-01,Crédit,323157,GAB,Plateau
901292,1029,2025-06-01,Débit,210703,Web,Plateau
901293,1283,2025-06-01,Crédit,59673,Web,Bouaké
901294,1065,2025-06-01,Crédit,740405,Web,Cocody
901295,1060,2025-06-01,Crédit,128724,Mobile,Yopougon
901296,1100,2025-06-01,Crédit,462729,Agence,Cocody
901297,1119,2025-06-01,Débit,622210,Agence,Cocody
901298,1212,2025-06-01,Débit,20622,GAB,Plateau
901299,1040,2025-06-01,Débit,137871,Web,Cocody
901300,1145,2025-06-01,Débit,334384,Mobile,Cocody
901301,1150,2025-06-01,Débit,640566,Web,Bouaké
901302,1063,2025-06-01,Débit,85088,Mobile,Cocody
901303,1254,2025-06-01,Crédit,235987,Web,Yopougon
901304,1188,2025-06-01,Crédit,690395,GAB,Yopougon
901305,1164,2025-06-01,Débit,61620,Mobile,Bouaké
901306,1249,2025-06-01,Crédit,87256,GAB,Cocody
901307,1267,2025-06-01,Débit,324751,GAB,Plateau
901308,1191,2025-06-01,Débit,42609,GAB,Bouaké
901309,1233,2025-06-01,Débit,27323,Web,Plateau
901310,1139,2025-06-01,Crédit,621814,Web,Yopougon
901311,1044,2025-06-01,Débit,297649,Web,Bouaké
901312,1010,2025-06-01,Crédit,408348,Web,Plateau
901313,1115,2025-06-01,Débit,402753,GAB,Bouaké
901314,1273,2025-06-01,Débit,697482,Mobile,Plateau
901315,1278,2025-06-01,Crédit,32254,Mobile,Yopougon
901316,1111,2025-06-01,Débit,362506,Web,Bouaké
901317,1030,2025-06-01,Débit,585170,Web,Yopougon
901318,1274,2025-06-01,Crédit,449423,Mobile,Cocody
901319,1196,2025-06-01,Crédit,786853,GAB,Cocody
901320,1008,2025-06-01,Crédit,720756,Mobile,Plateau
901321,1128,2025-06-01,Crédit,358928,Web,Plateau
901322,1141,2025-06-01,Crédit,286802,Mobile,Plateau
901323,1064,2025-06-01,Crédit,601053,Mobile,Yopougon
901324,1092,2025-06-01,Crédit,490201,Agence,Bouaké
901325,1005,2025-06-01,Crédit,43801,Mobile,Bouaké
901326,1285,2025-06-01,Débit,433459,Agence,Plateau
901327,1142,2025-06-01,Crédit,72154,Web,Cocody
901328,1133,2025-06-01,Crédit,277148,Web,Cocody
901329,1117,2025-06-01,Débit,159037,Agence,Cocody
901330,1059,2025-06-01,Débit,198205,Web,Yopougon
901331,1022,2025-06-01,Débit,68766,Mobile,Yopougon
901332,1009,2025-06-01,Crédit,571693,Agence,Cocody
901333,1180,2025-06-01,Débit,86242,Web,Plateau
901334,1262,2025-06-01,Débit,253490,GAB,Yopougon
901335,1293,2025-06-01,Crédit,719097,Web,Plateau
901336,1219,2025-06-01,Crédit,155029,Agence,Yopougon
901337,1185,2025-06-01,Crédit,432963,Mobile,Bouaké
901338,1151,2025-06-01,Débit,173100,Mobile,Plateau
901339,1149,2025-06-01,Débit,624946,Agence,Plateau
901340,1109,2025-06-01,Crédit,540608,Mobile,Cocody
901341,1194,2025-06-01,Débit,693976,GAB,Bouaké
901342,1041,2025-06-01,Débit,240490,Web,Plateau
901343,1271,2025-06-01,Débit,641592,Web,Bouaké
901344,1163,2025-06-01,Crédit,209497,Mobile,Cocody
901345,1169,2025-06-01,Débit,384547,GAB,Bouaké
901346,1162,2025-06-01,Débit,731739,GAB,Bouaké
901347,1210,2025-06-01,Crédit,88561,Mobile,Plateau
901348,1186,2025-06-01,Crédit,639617,GAB,Bouaké
901349,1215,2025-06-01,Débit,601998,GAB,Cocody
901350,1209,2025-06-01,Débit,639960,Mobile,Yopougon
901351,1175,2025-06-01,Crédit,128694,Agence,Bouaké
901352,1216,2025-06-01,Débit,608992,Web,Cocody
901353,1093,2025-06-01,Crédit,21265,GAB,Plateau
901354,1215,2025-06-01,Crédit,586517,Web,Plateau
901355,1065,2025-06-01,Débit,457376,Agence,Cocody
901356,1038,2025-06-01,Débit,544908,Web,Bouaké
901357,1182,2025-06-01,Débit,426860,GAB,Yopougon
901358,1061,2025-06-01,Crédit,357993,Agence,Plateau
901359,1038,2025-06-01,Crédit,475700,Web,Bouaké
901360,1224,2025-06-01,Crédit,799464,Web,Cocody
901361,1094,2025-06-01,Débit,164652,Agence,Yopougon
901362,1233,2025-06-01,Crédit,341002,Web,Cocody
901363,1261,2025-06-01,Crédit,106605,GAB,Yopougon
901364,1253,2025-06-01,Crédit,55633,Web,Yopougon
901365,1166,2025-06-01,Crédit,339053,GAB,Cocody
901366,1022,2025-06-01,Débit,456451,Mobile,Yopougon
901367,1051,2025-06-01,Crédit,303624,GAB,Plateau
901368,1148,2025-06-01,Crédit,515274,Web,Cocody
901369,1087,2025-06-01,Crédit,277031,Agence,Cocody
901370,1143,2025-06-01,Débit,105638,GAB,Cocody
901371,1015,2025-06-01,Débit,571052,GAB,Plateau
901372,1251,2025-06-01,Débit,392491,GAB,Yopougon
901373,1293,2025-06-01,Crédit,772651,Web,Cocody
901374,1233,2025-06-01,Crédit,119939,Agence,Bouaké
901375,1222,2025-06-01,Crédit,280834,Agence,Cocody
901376,1143,2025-06-01,Débit,375903,Agence,Cocody
901377,1039,2025-06-01,Crédit,169340,Mobile,Yopougon
901378,1233,2025-06-01,Débit,746143,Mobile,Plateau
901379,1222,2025-06-01,Débit,744354,Mobile,Cocody
901380,1286,2025-06-01,Débit,670318,Agence,Cocody
901381,1071,2025-06-01,Crédit,235906,GAB,Yopougon
901382,1241,2025-06-01,Débit,513042,GAB,Bouaké
901383,1145,2025-06-01,Débit,213218,Agence,Cocody
901384,1002,2025-06-01,Crédit,75528,Web,Cocody
901385,1092,2025-06-01,Débit,443471,Mobile,Bouaké
901386,1299,2025-06-01,Débit,673692,Mobile,Bouaké
901387,1272,2025-06-01,Débit,319678,GAB,Yopougon
901388,1249,2025-06-01,Crédit,665631,Web,Yopougon
901389,1279,2025-06-01,Crédit,314767,Agence,Cocody
901390,1058,2025-06-01,Crédit,444976,Web,Yopougon
901391,1127,2025-06-01,Crédit,126445,GAB,Bouaké
901392,1164,2025-06-01,Débit,369462,Web,Cocody
901393,1248,2025-06-01,Crédit,635255,Web,Cocody
901394,1015,2025-06-01,Crédit,285938,GAB,Bouaké
901395,1032,2025-06-01,Crédit,279312,Mobile,Bouaké
901396,1201,2025-06-01,Crédit,450853,Web,Yopougon
901397,1028,2025-06-01,Crédit,514089,GAB,Yopougon
901398,1024,2025-06-01,Crédit,474380,Web,Cocody
901399,1294,2025-06-01,Débit,567050,GAB,Plateau
901400,1169,2025-06-01,Débit,639347,Agence,Plateau
901401,1195,2025-06-01,Débit,743963,Mobile,Yopougon
901402,1284,2025-06-01,Débit,691745,Agence,Cocody
901403,1186,2025-06-01,Débit,169618,Web,Cocody
901404,1149,2025-06-01,Débit,397041,Mobile,Bouaké
901405,1111,2025-06-01,Débit,19303,Agence,Plateau
901406,1270,2025-06-01,Débit,530860,Web,Bouaké
901407,1022,2025-06-01,Débit,301841,Mobile,Plateau
901408,1118,2025-06-01,Débit,40418,Mobile,Plateau
901409,1194,2025-06-01,Crédit,142566,Mobile,Plateau
901410,1040,2025-06-01,Débit,534016,Web,Plateau
901411,1008,2025-06-01,Débit,105198,Web,Cocody
901412,1160,2025-06-01,Crédit,450804,Agence,Yopougon
901413,1141,2025-06-01,Crédit,217511,Agence,Yopougon
901414,1296,2025-06-01,Crédit,399873,Mobile,Bouaké
901415,1048,2025-06-01,Débit,431068,Mobile,Bouaké
901416,1146,2025-06-01,Débit,405984,Agence,Bouaké
901417,1202,2025-06-01,Crédit,578132,Agence,Bouaké
901418,1115,2025-06-01,Débit,421650,GAB,Bouaké
901419,1190,2025-06-01,Crédit,595509,Agence,Yopougon
901420,1171,2025-06-01,Débit,665512,Agence,Plateau
901421,1288,2025-06-01,Débit,222770,Web,Cocody
901422,1043,2025-06-01,Débit,427780,Web,Cocody
901423,1031,2025-06-01,Crédit,269266,Web,Yopougon
901424,1173,2025-06-01,Débit,43283,Mobile,Bouaké
901425,1003,2025-06-01,Crédit,728934,GAB,Bouaké
901426,1280,2025-06-01,Crédit,333221,GAB,Yopougon
901427,1237,2025-06-01,Crédit,544420,Agence,Plateau
901428,1218,2025-06-01,Débit,398935,GAB,Plateau
901429,1083,2025-06-01,Débit,179270,GAB,Bouaké
901430,1059,2025-06-01,Débit,449787,Web,Cocody
901431,1269,2025-06-01,Crédit,151659,Web,Bouaké
901432,1005,2025-06-01,Crédit,128295,Web,Yopougon
901433,1139,2025-06-01,Crédit,649979,Mobile,Cocody
901434,1073,2025-06-01,Crédit,553668,GAB,Yopougon
901435,1266,2025-06-01,Crédit,500043,Web,Cocody
901436,1170,2025-06-01,Débit,177216,Web,Plateau
901437,1163,2025-06-01,Crédit,192931,GAB,Bouaké
901438,1035,2025-06-01,Débit,331988,GAB,Cocody
901439,1049,2025-06-01,Crédit,352115,Agence,Plateau
901440,1240,2025-06-01,Débit,75015,Mobile,Cocody
901441,1177,2025-06-01,Débit,206998,Mobile,Yopougon
901442,1219,2025-06-01,Crédit,390115,Web,Yopougon
901443,1288,2025-06-01,Débit,86239,GAB,Plateau
901444,1111,2025-06-01,Crédit,191987,Mobile,Plateau
901445,1065,2025-06-01,Crédit,351198,Mobile,Bouaké
901446,1108,2025-06-01,Débit,7800,GAB,Cocody
901447,1047,2025-06-01,Débit,155295,GAB,Bouaké
901448,1001,2025-06-01,Crédit,86566,Agence,Cocody
901449,1262,2025-06-01,Crédit,451070,Web,Yopougon
901450,1155,2025-06-01,Débit,257468,Web,Bouaké
901451,1198,2025-06-01,Crédit,377235,Mobile,Yopougon
901452,1272,2025-06-01,Débit,639787,GAB,Cocody
901453,1143,2025-06-01,Débit,463482,Web,Bouaké
901454,1129,2025-06-01,Débit,590005,Web,Yopougon
901455,1092,2025-06-01,Débit,388450,Web,Yopougon
901456,1218,2025-06-01,Débit,651944,GAB,Bouaké
901457,1192,2025-06-01,Débit,788945,Agence,Cocody
901458,1227,2025-06-01,Crédit,556553,GAB,Plateau
901459,1159,2025-06-01,Crédit,103679,Mobile,Yopougon
901460,1258,2025-06-01,Débit,641249,Mobile,Plateau
901461,1141,2025-06-01,Crédit,422641,Agence,Yopougon
901462,1141,2025-06-01,Débit,604975,Agence,Bouaké
901463,1233,2025-06-01,Crédit,187212,Web,Plateau
901464,1020,2025-06-01,Crédit,35237,GAB,Cocody
901465,1068,2025-06-01,Débit,444953,Agence,Plateau
901466,1228,2025-06-01,Débit,334500,Agence,Yopougon
901467,1100,2025-06-01,Débit,353824,Mobile,Cocody
901468,1188,2025-06-01,Débit,701773,Web,Bouaké
901469,1032,2025-06-01,Débit,207312,GAB,Yopougon
901470,1043,2025-06-01,Débit,469937,Agence,Yopougon
901471,1102,2025-06-01,Crédit,186370,Agence,Yopougon
901472,1141,2025-06-01,Crédit,128432,Mobile,Bouaké
901473,1291,2025-06-01,Débit,598692,Web,Plateau
901474,1060,2025-06-01,Débit,196366,Agence,Cocody
901475,1163,2025-06-01,Débit,182561,Agence,Cocody
901476,1192,2025-06-01,Crédit,90222,GAB,Yopougon
901477,1098,2025-06-01,Débit,330569,Agence,Bouaké
901478,1147,2025-06-01,Débit,297514,GAB,Yopougon
901479,1212,2025-06-01,Débit,202389,Mobile,Cocody
901480,1091,2025-06-01,Crédit,276952,Web,Yopougon
901481,1048,2025-06-01,Crédit,377405,Mobile,Yopougon
901482,1268,2025-06-01,Crédit,666679,GAB,Plateau
901483,1300,2025-06-01,Crédit,168267,GAB,Bouaké
901484,1178,2025-06-01,Crédit,222523,Mobile,Yopougon
901485,1047,2025-06-01,Débit,275756,GAB,Bouaké
901486,1134,2025-06-01,Débit,125898,GAB,Bouaké
901487,1072,2025-06-01,Crédit,620326,Mobile,Yopougon
901488,1289,2025-06-01,Crédit,695282,Agence,Yopougon
901489,1054,2025-06-01,Crédit,13281,GAB,Bouaké
901490,1244,2025-06-01,Crédit,358026,Agence,Cocody
901491,1184,2025-06-01,Crédit,175651,Web,Cocody
901492,1012,2025-06-01,Crédit,651564,Web,Bouaké
901493,1205,2025-06-01,Crédit,260421,Mobile,Yopougon
901494,1173,2025-06-01,Crédit,716517,Web,Yopougon
901495,1021,2025-06-01,Débit,536586,Agence,Bouaké
901496,1219,2025-06-01,Crédit,610540,Web,Plateau
901497,1084,2025-06-01,Débit,320183,GAB,Cocody
901498,1067,2025-06-01,Crédit,61413,Agence,Yopougon
901499,1073,2025-06-01,Crédit,485995,Web,Cocody
901500,1236,2025-06-01,Débit,695601,GAB,Cocody
901501,1089,2025-06-01,Crédit,327465,Agence,Cocody
901502,1121,2025-06-01,Débit,462754,Agence,Cocody
901503,1079,2025-06-01,Crédit,10184,Web,Cocody
901504,1177,2025-06-01,Débit,498670,Web,Cocody
901505,1242,2025-06-01,Crédit,490998,GAB,Plateau
901506,1199,2025-06-01,Débit,338821,GAB,Bouaké
901507,1168,2025-06-01,Crédit,712526,Web,Bouaké
901508,1274,2025-06-01,Débit,368716,Web,Plateau
901509,1114,2025-06-01,Débit,251580,Mobile,Yopougon
901510,1175,2025-06-01,Débit,645225,Web,Plateau
901511,1118,2025-06-01,Débit,529235,GAB,Plateau
901512,1109,2025-06-01,Crédit,461550,Agence,Yopougon
901513,1197,2025-06-01,Débit,451390,GAB,Yopougon
901514,1160,2025-06-01,Crédit,713074,Web,Plateau
901515,1134,2025-06-01,Crédit,193238,GAB,Bouaké
901516,1265,2025-06-01,Débit,492506,Agence,Yopougon
901517,1052,2025-06-01,Crédit,17818,GAB,Yopougon
901518,1066,2025-06-01,Crédit,724636,Web,Plateau
901519,1249,2025-06-01,Crédit,447978,Agence,Yopougon
901520,1218,2025-06-01,Crédit,783111,Agence,Bouaké
901521,1258,2025-06-01,Crédit,501550,Mobile,Yopougon
901522,1058,2025-06-01,Débit,449664,Web,Plateau
901523,1077,2025-06-01,Débit,358491,Mobile,Cocody
901524,1264,2025-06-01,Crédit,461013,Agence,Bouaké
901525,1145,2025-06-01,Débit,132455,Web,Bouaké
901526,1188,2025-06-01,Débit,633441,Mobile,Yopougon
901527,1218,2025-06-01,Crédit,712784,Mobile,Plateau
901528,1278,2025-06-01,Crédit,192410,Mobile,Yopougon
901529,1214,2025-06-01,Débit,473472,Mobile,Yopougon
901530,1019,2025-06-01,Débit,379597,Agence,Bouaké
901531,1128,2025-06-01,Débit,93129,Agence,Cocody
901532,1075,2025-06-01,Crédit,457041,Mobile,Yopougon
901533,1235,2025-06-01,Débit,773278,Web,Plateau
901534,1040,2025-06-01,Crédit,395904,Agence,Cocody
901535,1052,2025-06-01,Crédit,542533,Agence,Yopougon
901536,1155,2025-06-01,Crédit,425205,Agence,Cocody
901537,1132,2025-06-01,Débit,459489,Agence,Cocody
901538,1293,2025-06-01,Crédit,322929,GAB,Plateau
901539,1192,2025-06-01,Crédit,230663,Web,Yopougon
901540,1096,2025-06-01,Crédit,530927,Agence,Bouaké
901541,1093,2025-06-01,Crédit,290925,Agence,Bouaké
901542,1107,2025-06-01,Débit,439451,GAB,Yopougon
901543,1137,2025-06-01,Crédit,633180,Mobile,Plateau
901544,1114,2025-06-01,Débit,23950,Mobile,Cocody
901545,1033,2025-06-01,Crédit,768535,Web,Bouaké
901546,1169,2025-06-01,Crédit,503705,Agence,Yopougon
901547,1175,2025-06-01,Crédit,368191,Web,Cocody
901548,1237,2025-06-01,Crédit,225869,GAB,Bouaké
901549,1131,2025-06-01,Crédit,38833,Agence,Bouaké
901550,1288,2025-06-01,Crédit,92128,GAB,Yopougon
901551,1156,2025-06-01,Crédit,792331,Mobile,Bouaké
901552,1240,2025-06-01,Débit,168473,GAB,Yopougon
901553,1290,2025-06-01,Crédit,440571,Agence,Yopougon
901554,1285,2025-06-01,Crédit,251120,Web,Cocody
901555,1194,2025-06-01,Débit,106690,Web,Cocody
901556,1109,2025-06-01,Débit,603469,Mobile,Cocody
901557,1082,2025-06-01,Crédit,581790,Web,Yopougon
901558,1112,2025-06-01,Crédit,633357,Mobile,Yopougon
901559,1186,2025-06-01,Débit,701500,Mobile,Bouaké
901560,1116,2025-06-01,Crédit,523870,Web,Yopougon
901561,1231,2025-06-01,Débit,191255,Web,Yopougon
901562,1002,2025-06-01,Crédit,491561,GAB,Plateau
901563,1197,2025-06-01,Crédit,443587,Web,Cocody
901564,1015,2025-06-01,Débit,150303,Agence,Bouaké
901565,1012,2025-06-01,Crédit,644434,GAB,Cocody
901566,1292,2025-06-01,Crédit,722606,Agence,Yopougon
901567,1012,2025-06-01,Crédit,583874,GAB,Cocody
901568,1235,2025-06-01,Crédit,763183,GAB,Cocody
901569,1242,2025-06-01,Débit,343400,GAB,Yopougon
901570,1034,2025-06-01,Débit,222062,Web,Bouaké
901571,1126,2025-06-01,Crédit,258633,GAB,Bouaké
901572,1257,2025-06-01,Débit,638347,Mobile,Cocody
901573,1126,2025-06-01,Crédit,762120,Agence,Plateau
901574,1017,2025-06-01,Crédit,550015,Web,Bouaké
901575,1037,2025-06-01,Crédit,277660,Agence,Plateau
901576,1225,2025-06-01,Crédit,766299,Agence,Yopougon
901577,1204,2025-06-01,Débit,386024,Web,Bouaké
901578,1220,2025-06-01,Débit,113656,GAB,Yopougon
901579,1297,2025-06-01,Débit,762065,GAB,Yopougon
901580,1212,2025-06-01,Crédit,153845,GAB,Bouaké
901581,1108,2025-06-01,Crédit,106843,Mobile,Plateau
901582,1235,2025-06-01,Crédit,794056,GAB,Yopougon
901583,1176,2025-06-01,Crédit,727672,Web,Yopougon
901584,1231,2025-06-01,Crédit,600833,Mobile,Plateau
901585,1072,2025-06-01,Débit,552125,Mobile,Plateau
901586,1114,2025-06-01,Crédit,595913,Mobile,Yopougon
901587,1158,2025-06-01,Débit,600213,Mobile,Bouaké
901588,1226,2025-06-01,Crédit,166943,GAB,Cocody
901589,1150,2025-06-01,Crédit,274804,GAB,Plateau
901590,1109,2025-06-01,Crédit,160570,Agence,Yopougon
901591,1187,2025-06-01,Crédit,505143,GAB,Yopougon
901592,1080,2025-06-01,Crédit,553759,Mobile,Bouaké
901593,1249,2025-06-01,Débit,555750,Web,Cocody
901594,1248,2025-06-01,Crédit,19923,Agence,Yopougon
901595,1116,2025-06-01,Crédit,221456,GAB,Cocody
901596,1143,2025-06-01,Débit,686570,GAB,Yopougon
901597,1256,2025-06-01,Crédit,602067,Agence,Cocody
901598,1104,2025-06-01,Crédit,701510,Agence,Bouaké
901599,1051,2025-06-01,Crédit,537064,Agence,Yopougon
901600,1284,2025-06-01,Débit,63693,Web,Cocody
901601,1126,2025-06-01,Crédit,780354,GAB,Cocody
901602,1117,2025-06-01,Crédit,191049,Agence,Yopougon
901603,1283,2025-06-01,Crédit,100797,GAB,Plateau
901604,1068,2025-06-01,Crédit,68821,GAB,Cocody
901605,1125,2025-06-01,Crédit,491823,Agence,Plateau
901606,1164,2025-06-01,Débit,210967,Web,Plateau
901607,1227,2025-06-01,Débit,504159,GAB,Plateau
901608,1278,2025-06-01,Débit,632356,Web,Yopougon
901609,1292,2025-06-01,Débit,614970,Web,Plateau
901610,1227,2025-06-01,Débit,622545,Web,Plateau
901611,1129,2025-06-01,Crédit,635565,Mobile,Bouaké
901612,1091,2025-06-01,Crédit,536935,Web,Yopougon
901613,1154,2025-06-01,Crédit,563041,GAB,Yopougon
901614,1141,2025-06-01,Crédit,661326,Web,Plateau
901615,1094,2025-06-01,Crédit,11833,Mobile,Bouaké
901616,1254,2025-06-01,Débit,192480,Agence,Bouaké
901617,1156,2025-06-01,Débit,469727,Mobile,Cocody
901618,1100,2025-06-01,Débit,248062,GAB,Yopougon
901619,1257,2025-06-01,Crédit,340560,Web,Plateau
901620,1154,2025-06-01,Débit,603745,GAB,Yopougon
901621,1081,2025-06-01,Débit,420487,GAB,Cocody
901622,1081,2025-06-01,Crédit,546554,Web,Bouaké
901623,1138,2025-06-01,Débit,280623,Web,Yopougon
901624,1190,2025-06-01,Débit,326107,Mobile,Yopougon
901625,1162,2025-06-01,Crédit,327979,Web,Bouaké
901626,1214,2025-06-01,Débit,428709,Agence,Bouaké
901627,1182,2025-06-01,Débit,484083,Mobile,Plateau
901628,1104,2025-06-01,Débit,699214,Mobile,Yopougon
901629,1192,2025-06-01,Débit,342479,Web,Bouaké
901630,1167,2025-06-01,Débit,230422,Web,Yopougon
901631,1055,2025-06-01,Débit,259948,GAB,Yopougon
901632,1246,2025-06-01,Crédit,53234,Web,Bouaké
901633,1128,2025-06-01,Crédit,641176,Web,Plateau
901634,1052,2025-06-01,Débit,675699,Mobile,Yopougon
901635,1276,2025-06-01,Crédit,464406,Mobile,Plateau
901636,1242,2025-06-01,Débit,791249,Agence,Yopougon
901637,1212,2025-06-01,Débit,162726,Mobile,Cocody
901638,1288,2025-06-01,Débit,464550,GAB,Yopougon
901639,1294,2025-06-01,Crédit,588715,Mobile,Plateau
901640,1072,2025-06-01,Débit,738218,Mobile,Yopougon
901641,1229,2025-06-01,Débit,198084,Mobile,Bouaké
901642,1117,2025-06-01,Crédit,384798,Mobile,Cocody
901643,1133,2025-06-01,Crédit,637938,Agence,Cocody
901644,1062,2025-06-01,Crédit,453088,Web,Bouaké
901645,1025,2025-06-01,Débit,542145,Mobile,Plateau
901646,1290,2025-06-01,Crédit,38642,Mobile,Bouaké
901647,1145,2025-06-01,Crédit,670189,Agence,Plateau
901648,1290,2025-06-01,Débit,590410,Agence,Cocody
901649,1263,2025-06-01,Débit,606804,Web,Cocody
901650,1038,2025-06-01,Crédit,295313,Web,Bouaké
901651,1078,2025-06-01,Crédit,81573,GAB,Yopougon
901652,1233,2025-06-01,Crédit,27527,Web,Yopougon
901653,1004,2025-06-01,Crédit,24788,Agence,Cocody
901654,1166,2025-06-01,Crédit,162805,Mobile,Cocody
901655,1300,2025-06-01,Crédit,563224,Web,Cocody
901656,1295,2025-06-01,Crédit,754631,GAB,Cocody
901657,1076,2025-06-01,Débit,328466,GAB,Plateau
901658,1014,2025-06-01,Débit,138508,Mobile,Plateau
901659,1168,2025-06-01,Crédit,246281,GAB,Cocody
901660,1156,2025-06-01,Débit,449893,Mobile,Cocody
901661,1112,2025-06-01,Crédit,33622,GAB,Bouaké
901662,1064,2025-06-01,Crédit,31658,Web,Cocody
901663,1195,2025-06-01,Débit,473516,Web,Bouaké
901664,1102,2025-06-01,Débit,403988,Agence,Plateau
901665,1090,2025-06-01,Débit,175795,GAB,Plateau
901666,1251,2025-06-01,Crédit,791099,Mobile,Bouaké
901667,1098,2025-06-01,Débit,100201,Mobile,Bouaké
901668,1131,2025-06-01,Débit,484150,Agence,Plateau
901669,1195,2025-06-01,Crédit,424753,Agence,Yopougon
901670,1185,2025-06-01,Crédit,73477,Web,Yopougon
901671,1118,2025-06-01,Débit,687028,Web,Bouaké
901672,1009,2025-06-01,Crédit,770071,Mobile,Plateau
901673,1073,2025-06-01,Débit,190973,Agence,Cocody
901674,1266,2025-06-01,Débit,152031,Web,Plateau
901675,1032,2025-06-01,Débit,780788,Mobile,Yopougon
901676,1213,2025-06-01,Débit,444604,GAB,Cocody
901677,1266,2025-06-01,Débit,783008,GAB,Yopougon
901678,1057,2025-06-01,Débit,36436,Web,Cocody
901679,1157,2025-06-01,Crédit,660687,Mobile,Yopougon
901680,1165,2025-06-01,Débit,32084,Mobile,Plateau
901681,1241,2025-06-01,Débit,775651,GAB,Bouaké
901682,1024,2025-06-01,Crédit,632580,GAB,Cocody
901683,1052,2025-06-01,Débit,370603,GAB,Plateau
901684,1215,2025-06-01,Débit,122871,Web,Bouaké
901685,1213,2025-06-01,Crédit,145934,Agence,Yopougon
901686,1244,2025-06-01,Crédit,274338,GAB,Yopougon
901687,1277,2025-06-01,Crédit,648416,Agence,Bouaké
901688,1253,2025-06-01,Débit,136945,GAB,Cocody
901689,1074,2025-06-01,Débit,696231,Agence,Plateau
901690,1207,2025-06-01,Crédit,649889,Agence,Cocody
901691,1116,2025-06-01,Crédit,198595,Mobile,Yopougon
901692,1237,2025-06-01,Crédit,143104,Mobile,Bouaké
901693,1192,2025-06-01,Débit,612511,Agence,Bouaké
901694,1025,2025-06-01,Débit,196021,Agence,Cocody
901695,1018,2025-06-01,Débit,174748,Web,Yopougon
901696,1006,2025-06-01,Crédit,512348,Mobile,Cocody
901697,1296,2025-06-01,Crédit,479065,GAB,Bouaké
901698,1135,2025-06-01,Crédit,128542,Mobile,Yopougon
901699,1173,2025-06-01,Débit,272685,Mobile,Bouaké
901700,1282,2025-06-01,Crédit,700466,Agence,Yopougon
901701,1266,2025-06-01,Crédit,71183,Mobile,Bouaké
901702,1014,2025-06-01,Débit,104178,GAB,Bouaké
901703,1057,2025-06-01,Débit,582204,Mobile,Cocody
901704,1178,2025-06-01,Crédit,479548,Web,Plateau
901705,1259,2025-06-01,Débit,421869,GAB,Cocody
901706,1114,2025-06-01,Débit,213328,Mobile,Cocody
901707,1289,2025-06-01,Débit,564054,Mobile,Cocody
901708,1272,2025-06-01,Débit,397662,GAB,Plateau
901709,1085,2025-06-01,Débit,792589,GAB,Bouaké
901710,1104,2025-06-01,Crédit,56288,Web,Yopougon
901711,1200,2025-06-01,Crédit,504694,Web,Yopougon
901712,1070,2025-06-01,Crédit,5370,Agence,Yopougon
901713,1285,2025-06-01,Crédit,223895,Agence,Plateau
901714,1211,2025-06-01,Débit,155776,Web,Cocody
901715,1125,2025-06-01,Crédit,172188,Web,Bouaké
901716,1100,2025-06-01,Débit,372428,Agence,Cocody
901717,1142,2025-06-01,Débit,425940,Agence,Cocody
901718,1106,2025-06-01,Crédit,154326,Mobile,Yopougon
901719,1006,2025-06-01,Débit,550909,Mobile,Plateau
901720,1242,2025-06-01,Débit,697502,Web,Yopougon
901721,1064,2025-06-01,Crédit,166141,Agence,Yopougon
901722,1140,2025-06-01,Débit,405033,Mobile,Plateau
901723,1239,2025-06-01,Crédit,618394,GAB,Bouaké
901724,1150,2025-06-01,Débit,553236,Agence,Plateau
901725,1186,2025-06-01,Débit,702209,Web,Bouaké
901726,1216,2025-06-01,Débit,674054,Agence,Yopougon
901727,1142,2025-06-01,Crédit,676366,Mobile,Bouaké
901728,1129,2025-06-01,Crédit,92129,Agence,Plateau
901729,1249,2025-06-01,Débit,619239,Web,Cocody
901730,1223,2025-06-01,Crédit,114015,Web,Bouaké
901731,1266,2025-06-01,Crédit,49146,Agence,Plateau
901732,1295,2025-06-01,Débit,128179,GAB,Yopougon
901733,1298,2025-06-01,Crédit,417871,Agence,Yopougon
901734,1226,2025-06-01,Crédit,606195,Agence,Bouaké
901735,1222,2025-06-01,Débit,231533,GAB,Plateau
901736,1169,2025-06-01,Débit,311474,Web,Plateau
901737,1234,2025-06-01,Crédit,381007,Mobile,Yopougon
901738,1128,2025-06-01,Crédit,472672,Agence,Yopougon
901739,1235,2025-06-01,Crédit,173393,GAB,Yopougon
901740,1206,2025-06-01,Crédit,185415,Web,Plateau
901741,1171,2025-06-01,Crédit,651345,GAB,Yopougon
901742,1157,2025-06-01,Débit,762009,Agence,Bouaké
901743,1161,2025-06-01,Crédit,675538,GAB,Bouaké
901744,1104,2025-06-01,Crédit,746758,Web,Yopougon
901745,1173,2025-06-01,Crédit,384021,GAB,Cocody
901746,1166,2025-06-01,Débit,121895,GAB,Yopougon
901747,1260,2025-06-01,Crédit,798531,GAB,Bouaké
901748,1039,2025-06-01,Débit,102898,Agence,Bouaké
901749,1135,2025-06-01,Débit,755663,Mobile,Yopougon
901750,1204,2025-06-01,Débit,408953,Agence,Yopougon
901751,1292,2025-06-01,Débit,344566,GAB,Bouaké
901752,1021,2025-06-01,Débit,579606,GAB,Yopougon
901753,1014,2025-06-01,Crédit,240372,GAB,Cocody
901754,1116,2025-06-01,Crédit,684367,GAB,Cocody
901755,1007,2025-06-01,Crédit,260517,Agence,Bouaké
901756,1225,2025-06-01,Crédit,588346,GAB,Bouaké
901757,1096,2025-06-01,Crédit,662724,Web,Yopougon
901758,1187,2025-06-01,Crédit,457266,Mobile,Yopougon
901759,1121,2025-06-01,Crédit,571618,Mobile,Plateau
901760,1069,2025-06-01,Crédit,741556,GAB,Cocody
901761,1050,2025-06-01,Crédit,566365,Mobile,Plateau
901762,1117,2025-06-01,Crédit,757420,GAB,Bouaké
901763,1138,2025-06-01,Débit,487595,Web,Bouaké
901764,1224,2025-06-01,Débit,184664,Agence,Bouaké
901765,1287,2025-06-01,Débit,369488,Web,Cocody
901766,1033,2025-06-01,Crédit,73590,Mobile,Yopougon
901767,1015,2025-06-01,Crédit,456758,GAB,Bouaké
901768,1111,2025-06-01,Crédit,329875,Mobile,Yopougon
901769,1120,2025-06-01,Crédit,156239,Mobile,Plateau
901770,1028,2025-06-01,Crédit,620983,Agence,Plateau
901771,1033,2025-06-01,Crédit,770859,GAB,Cocody
901772,1128,2025-06-01,Débit,195041,Agence,Bouaké
901773,1062,2025-06-01,Crédit,98434,Agence,Bouaké
901774,1294,2025-06-01,Crédit,432372,Web,Bouaké
901775,1071,2025-06-01,Crédit,196878,Agence,Yopougon
901776,1182,2025-06-01,Débit,746618,Web,Yopougon
901777,1256,2025-06-01,Débit,198531,Mobile,Bouaké
901778,1103,2025-06-01,Débit,373260,Agence,Yopougon
901779,1232,2025-06-01,Débit,554314,Mobile,Plateau
901780,1032,2025-06-01,Débit,720873,Mobile,Plateau
901781,1087,2025-06-01,Débit,559823,Agence,Plateau
901782,1168,2025-06-01,Crédit,326140,Agence,Yopougon
901783,1036,2025-06-01,Débit,202637,Web,Cocody
901784,1275,2025-06-01,Débit,367018,Agence,Cocody
901785,1192,2025-06-01,Débit,467104,GAB,Cocody
901786,1228,2025-06-01,Débit,657300,Agence,Plateau
901787,1160,2025-06-01,Crédit,118010,Mobile,Cocody
901788,1266,2025-06-01,Débit,109565,Web,Cocody
901789,1080,2025-06-01,Crédit,481752,Web,Bouaké
901790,1060,2025-06-01,Débit,359779,GAB,Yopougon
901791,1073,2025-06-01,Débit,519607,GAB,Bouaké
901792,1022,2025-06-01,Crédit,66471,Web,Plateau
901793,1267,2025-06-01,Débit,700743,Mobile,Bouaké
901794,1280,2025-06-01,Débit,301287,Mobile,Cocody
901795,1230,2025-06-01,Débit,312189,Web,Bouaké
901796,1223,2025-06-01,Crédit,91391,Web,Plateau
901797,1252,2025-06-01,Débit,342132,Web,Bouaké
901798,1157,2025-06-01,Crédit,306144,Agence,Plateau
901799,1097,2025-06-01,Débit,327038,GAB,Yopougon
901800,1025,2025-06-01,Débit,54500,Mobile,Bouaké
901801,1097,2025-06-01,Crédit,568886,Agence,Bouaké
901802,1261,2025-06-01,Débit,538458,Mobile,Plateau
901803,1110,2025-06-01,Débit,484444,GAB,Cocody
901804,1164,2025-06-01,Débit,753719,GAB,Bouaké
901805,1106,2025-06-01,Débit,52431,Web,Cocody
901806,1060,2025-06-01,Crédit,9968,GAB,Yopougon
901807,1091,2025-06-01,Crédit,244465,Mobile,Bouaké
901808,1023,2025-06-01,Débit,153551,GAB,Yopougon
901809,1217,2025-06-01,Crédit,219828,Mobile,Bouaké
901810,1006,2025-06-01,Crédit,438732,Web,Yopougon
901811,1098,2025-06-01,Crédit,270735,Agence,Bouaké
901812,1022,2025-06-01,Crédit,140149,GAB,Plateau
901813,1059,2025-06-01,Débit,171643,Web,Plateau
901814,1094,2025-06-01,Crédit,180496,Mobile,Bouaké
901815,1146,2025-06-01,Crédit,303534,Mobile,Plateau
901816,1062,2025-06-01,Crédit,216944,Agence,Bouaké
901817,1103,2025-06-01,Débit,548398,Agence,Bouaké
901818,1246,2025-06-01,Débit,121818,GAB,Plateau
901819,1199,2025-06-01,Débit,92669,Agence,Cocody
901820,1224,2025-06-01,Crédit,464390,GAB,Bouaké
901821,1022,2025-06-01,Débit,225653,Mobile,Plateau
901822,1292,2025-06-01,Débit,165128,Mobile,Yopougon
901823,1090,2025-06-01,Crédit,489479,GAB,Plateau
901824,1201,2025-06-01,Crédit,165534,Mobile,Plateau
901825,1116,2025-06-01,Débit,662681,GAB,Yopougon
901826,1225,2025-06-01,Débit,466929,Agence,Cocody
901827,1271,2025-06-01,Crédit,588902,GAB,Cocody
901828,1281,2025-06-01,Crédit,64468,Agence,Plateau
901829,1210,2025-06-01,Débit,653634,GAB,Yopougon
901830,1190,2025-06-01,Débit,155456,Agence,Cocody
901831,1004,2025-06-01,Crédit,8587,Agence,Bouaké
901832,1291,2025-06-01,Débit,240424,Agence,Plateau
901833,1011,2025-06-01,Crédit,604252,Web,Yopougon
901834,1199,2025-06-01,Crédit,789407,GAB,Bouaké
901835,1129,2025-06-01,Crédit,672625,Web,Bouaké
901836,1079,2025-06-01,Crédit,567513,Mobile,Cocody
901837,1074,2025-06-01,Crédit,673040,GAB,Bouaké
901838,1132,2025-06-01,Débit,390957,Agence,Bouaké
901839,1154,2025-06-01,Débit,49622,Web,Bouaké
901840,1278,2025-06-01,Débit,426769,GAB,Yopougon
901841,1107,2025-06-01,Crédit,446597,Web,Bouaké
901842,1232,2025-06-01,Crédit,412311,Web,Yopougon
901843,1173,2025-06-01,Crédit,702694,Web,Cocody
901844,1272,2025-06-01,Débit,262957,GAB,Cocody
901845,1292,2025-06-01,Débit,769733,Mobile,Bouaké
901846,1281,2025-06-01,Crédit,398023,Mobile,Cocody
901847,1202,2025-06-01,Débit,498074,Agence,Bouaké
901848,1154,2025-06-01,Crédit,58357,GAB,Cocody
901849,1173,2025-06-01,Débit,696694,Web,Bouaké
901850,1093,2025-06-01,Crédit,29993,GAB,Bouaké
901851,1291,2025-06-01,Débit,291596,GAB,Bouaké
901852,1295,2025-06-01,Débit,163002,Web,Yopougon
901853,1240,2025-06-01,Débit,779337,GAB,Bouaké
901854,1162,2025-06-01,Débit,714035,Agence,Plateau
901855,1044,2025-06-01,Débit,14089,Agence,Yopougon
901856,1047,2025-06-01,Crédit,379023,GAB,Cocody
901857,1110,2025-06-01,Crédit,74230,Mobile,Yopougon
901858,1299,2025-06-01,Crédit,503165,Mobile,Cocody
901859,1149,2025-06-01,Crédit,111429,GAB,Cocody
901860,1084,2025-06-01,Crédit,129193,Web,Cocody
901861,1288,2025-06-01,Crédit,738859,Mobile,Cocody
901862,1059,2025-06-01,Débit,471515,Agence,Plateau
901863,1070,2025-06-01,Crédit,500780,Web,Bouaké
901864,1088,2025-06-01,Débit,619649,Mobile,Bouaké
901865,1300,2025-06-01,Débit,474063,Agence,Bouaké
901866,1291,2025-06-01,Crédit,361281,Agence,Yopougon
901867,1036,2025-06-01,Débit,146498,Mobile,Bouaké
901868,1077,2025-06-01,Débit,706396,GAB,Yopougon
901869,1150,2025-06-01,Débit,376942,Web,Plateau
901870,1214,2025-06-01,Débit,387956,Mobile,Cocody
901871,1263,2025-06-01,Crédit,550712,Agence,Bouaké
901872,1164,2025-06-01,Débit,59537,GAB,Yopougon
901873,1135,2025-06-01,Crédit,458980,Mobile,Plateau
901874,1140,2025-06-01,Crédit,696442,Agence,Yopougon
901875,1283,2025-06-01,Débit,141996,Agence,Plateau
901876,1155,2025-06-01,Crédit,214340,Web,Bouaké
901877,1199,2025-06-01,Débit,734062,Mobile,Bouaké
901878,1172,2025-06-01,Crédit,542483,Web,Bouaké
901879,1176,2025-06-01,Débit,368058,Mobile,Cocody
901880,1251,2025-06-01,Crédit,284626,Agence,Bouaké
901881,1044,2025-06-01,Crédit,538506,Agence,Plateau
901882,1066,2025-06-01,Débit,259763,Agence,Cocody
901883,1192,2025-06-01,Débit,166487,GAB,Plateau
901884,1039,2025-06-01,Débit,763232,Agence,Yopougon
901885,1037,2025-06-01,Débit,616062,Web,Yopougon
901886,1055,2025-06-01,Débit,63894,GAB,Cocody
901887,1042,2025-06-01,Débit,101158,Agence,Plateau
901888,1222,2025-06-01,Débit,225430,Agence,Plateau
901889,1199,2025-06-01,Crédit,660833,GAB,Bouaké
901890,1102,2025-06-01,Crédit,639868,GAB,Bouaké
901891,1148,2025-06-01,Débit,469012,GAB,Plateau
901892,1041,2025-06-01,Débit,212324,Mobile,Cocody
901893,1278,2025-06-01,Débit,738968,Agence,Plateau
901894,1097,2025-06-01,Débit,342018,GAB,Cocody
901895,1203,2025-06-01,Crédit,635775,Web,Yopougon
901896,1112,2025-06-01,Crédit,268139,Mobile,Cocody
901897,1272,2025-06-01,Débit,691651,Mobile,Yopougon
901898,1083,2025-06-01,Débit,69612,Agence,Bouaké
901899,1177,2025-06-01,Débit,654954,Web,Plateau
901900,1229,2025-06-01,Débit,785422,Agence,Yopougon
901901,1186,2025-06-01,Débit,601850,Mobile,Yopougon
901902,1231,2025-06-01,Crédit,783245,Web,Yopougon
901903,1256,2025-06-01,Crédit,517845,Mobile,Cocody
901904,1117,2025-06-01,Débit,49773,Mobile,Bouaké
901905,1239,2025-06-01,Crédit,345124,Web,Bouaké
901906,1238,2025-06-01,Crédit,165101,GAB,Bouaké
901907,1215,2025-06-01,Débit,151205,Mobile,Bouaké
901908,1077,2025-06-01,Crédit,388474,Agence,Bouaké
901909,1089,2025-06-01,Débit,626739,GAB,Cocody
901910,1049,2025-06-01,Débit,415299,Web,Cocody
901911,1139,2025-06-01,Crédit,212362,Agence,Bouaké
901912,1201,2025-06-01,Débit,323266,Mobile,Cocody
901913,1098,2025-06-01,Crédit,641302,Web,Bouaké
901914,1223,2025-06-01,Débit,516015,Agence,Yopougon
901915,1055,2025-06-01,Débit,343986,Web,Yopougon
901916,1073,2025-06-01,Débit,548962,Web,Cocody
901917,1214,2025-06-01,Crédit,18597,Mobile,Cocody
901918,1174,2025-06-01,Crédit,722286,Web,Plateau
901919,1067,2025-06-01,Crédit,362666,Mobile,Cocody
901920,1190,2025-06-01,Crédit,71191,Agence,Bouaké
901921,1190,2025-06-01,Crédit,263064,GAB,Yopougon
901922,1120,2025-06-01,Crédit,669662,Web,Yopougon
901923,1285,2025-06-01,Crédit,610258,Mobile,Cocody
901924,1066,2025-06-01,Crédit,668414,GAB,Cocody
901925,1128,2025-06-01,Crédit,595660,Web,Plateau
901926,1161,2025-06-01,Débit,407803,GAB,Yopougon
901927,1042,2025-06-01,Crédit,490164,Mobile,Plateau
901928,1231,2025-06-01,Crédit,207565,Mobile,Cocody
901929,1187,2025-06-01,Débit,501759,GAB,Cocody
901930,1002,2025-06-01,Crédit,378470,Web,Cocody
901931,1140,2025-06-01,Crédit,513242,Mobile,Cocody
901932,1097,2025-06-01,Débit,314979,Agence,Cocody
901933,1269,2025-06-01,Crédit,265284,Web,Bouaké
901934,1006,2025-06-01,Crédit,278665,GAB,Cocody
901935,1152,2025-06-01,Débit,35221,Web,Plateau
901936,1189,2025-06-01,Crédit,159785,Web,Bouaké
901937,1285,2025-06-01,Débit,627691,Web,Yopougon
901938,1056,2025-06-01,Crédit,483091,Mobile,Cocody
901939,1233,2025-06-01,Crédit,175814,GAB,Yopougon
901940,1009,2025-06-01,Débit,59970,Mobile,Bouaké
901941,1189,2025-06-01,Débit,335583,Web,Plateau
901942,1223,2025-06-01,Crédit,419751,GAB,Yopougon
901943,1018,2025-06-01,Crédit,344753,Agence,Plateau
901944,1068,2025-06-01,Crédit,71980,Agence,Cocody
901945,1078,2025-06-01,Débit,553175,GAB,Cocody
901946,1048,2025-06-01,Crédit,379426,Mobile,Plateau
901947,1212,2025-06-01,Crédit,792324,Agence,Bouaké
901948,1206,2025-06-01,Débit,555166,Web,Bouaké
901949,1080,2025-06-01,Débit,222322,Web,Cocody
901950,1060,2025-06-01,Crédit,243442,GAB,Plateau
901951,1286,2025-06-01,Débit,60032,GAB,Bouaké
901952,1022,2025-06-01,Débit,234639,GAB,Cocody
901953,1071,2025-06-01,Crédit,343637,Web,Bouaké
901954,1010,2025-06-01,Crédit,521137,Agence,Bouaké
901955,1282,2025-06-01,Débit,47079,GAB,Plateau
901956,1107,2025-06-01,Débit,616046,Web,Plateau
901957,1179,2025-06-01,Débit,614834,Mobile,Cocody
901958,1204,2025-06-01,Débit,164651,Agence,Yopougon
901959,1137,2025-06-01,Crédit,540696,Web,Cocody
901960,1104,2025-06-01,Crédit,355733,GAB,Yopougon
901961,1134,2025-06-01,Crédit,129956,Mobile,Bouaké
901962,1015,2025-06-01,Crédit,637677,Web,Cocody
901963,1095,2025-06-01,Débit,48683,Web,Plateau
901964,1106,2025-06-01,Débit,602905,Mobile,Cocody
901965,1156,2025-06-01,Crédit,491308,Agence,Cocody
901966,1291,2025-06-01,Crédit,232337,Agence,Yopougon
901967,1007,2025-06-01,Débit,194707,Mobile,Cocody
901968,1256,2025-06-01,Crédit,759942,Mobile,Bouaké
901969,1201,2025-06-01,Débit,520566,Web,Yopougon
901970,1128,2025-06-01,Débit,651311,Agence,Plateau
901971,1016,2025-06-01,Débit,16756,Mobile,Plateau
901972,1156,2025-06-01,Crédit,404948,GAB,Plateau
901973,1028,2025-06-01,Crédit,230767,GAB,Bouaké
901974,1191,2025-06-01,Débit,298578,Web,Plateau
901975,1153,2025-06-01,Débit,130909,Mobile,Cocody
901976,1135,2025-06-01,Crédit,219607,Agence,Plateau
901977,1244,2025-06-01,Débit,20040,Agence,Plateau
901978,1121,2025-06-01,Crédit,612940,Mobile,Yopougon
901979,1012,2025-06-01,Crédit,71357,GAB,Cocody
901980,1034,2025-06-01,Crédit,715954,Web,Plateau
901981,1020,2025-06-01,Crédit,458496,Web,Bouaké
901982,1090,2025-06-01,Débit,609777,Agence,Plateau
901983,1144,2025-06-01,Crédit,758790,Web,Cocody
901984,1137,2025-06-01,Débit,708848,Mobile,Cocody
901985,1121,2025-06-01,Crédit,7043,Agence,Bouaké
901986,1287,2025-06-01,Crédit,247767,Agence,Yopougon
901987,1187,2025-06-01,Débit,632099,Mobile,Bouaké
901988,1242,2025-06-01,Débit,396399,Mobile,Cocody
901989,1165,2025-06-01,Crédit,431772,GAB,Bouaké
901990,1191,2025-06-01,Crédit,369314,Mobile,Cocody
901991,1254,2025-06-01,Crédit,382832,Web,Plateau
901992,1130,2025-06-01,Débit,353970,Mobile,Bouaké
901993,1231,2025-06-01,Débit,49832,Mobile,Cocody
901994,1175,2025-06-01,Débit,606560,GAB,Cocody
901995,1203,2025-06-01,Débit,444328,Agence,Plateau
901996,1267,2025-06-01,Débit,608418,Agence,Yopougon
901997,1282,2025-06-01,Débit,780643,GAB,Yopougon
901998,1251,2025-06-01,Débit,346298,Mobile,Bouaké
901999,1268,2025-06-01,Crédit,234713,Mobile,Bouaké
902000,1055,2025-06-01,Débit,676580,Web,Cocody
902001,1097,2025-06-01,Débit,534018,Agence,Bouaké
902002,1074,2025-06-01,Débit,733694,Mobile,Cocody
902003,1208,2025-06-01,Crédit,224408,Agence,Cocody
902004,1013,2025-06-01,Débit,37608,Mobile,Plateau
902005,1107,2025-06-01,Débit,718536,Agence,Plateau
902006,1130,2025-06-01,Crédit,129731,Web,Yopougon
902007,1207,2025-06-01,Débit,736715,Mobile,Yopougon
902008,1199,2025-06-01,Crédit,223573,Mobile,Bouaké
902009,1245,2025-06-01,Débit,717106,Web,Plateau
902010,1256,2025-06-01,Crédit,373571,Agence,Yopougon
902011,1243,2025-06-01,Crédit,794491,Agence,Bouaké
902012,1180,2025-06-01,Crédit,33655,Web,Plateau
902013,1250,2025-06-01,Débit,502939,Mobile,Plateau
902014,1043,2025-06-01,Débit,764461,Agence,Bouaké
902015,1195,2025-06-01,Crédit,258103,Web,Plateau
902016,1166,2025-06-01,Crédit,584470,Web,Cocody
902017,1211,2025-06-01,Débit,15793,GAB,Plateau
902018,1260,2025-06-01,Crédit,77456,GAB,Bouaké
902019,1141,2025-06-01,Crédit,566683,Agence,Yopougon
902020,1300,2025-06-01,Débit,737133,Web,Cocody
902021,1232,2025-06-01,Crédit,175651,Agence,Yopougon
902022,1170,2025-06-01,Crédit,120002,GAB,Plateau
902023,1102,2025-06-01,Crédit,514867,GAB,Plateau
902024,1199,2025-06-01,Débit,400019,Agence,Yopougon
902025,1094,2025-06-01,Débit,361589,Web,Cocody
902026,1228,2025-06-01,Débit,111470,GAB,Cocody
902027,1068,2025-06-01,Débit,464378,Web,Yopougon
902028,1221,2025-06-01,Débit,747820,Mobile,Plateau
902029,1215,2025-06-01,Crédit,40165,Mobile,Bouaké
902030,1286,2025-06-01,Crédit,75190,Agence,Plateau
902031,1135,2025-06-01,Crédit,502680,Web,Cocody
902032,1071,2025-06-01,Débit,30280,GAB,Plateau
902033,1293,2025-06-01,Débit,701926,GAB,Bouaké
902034,1280,2025-06-01,Crédit,589443,Mobile,Bouaké
902035,1035,2025-06-01,Débit,615397,Web,Plateau
902036,1287,2025-06-01,Débit,248529,GAB,Cocody
902037,1154,2025-06-01,Débit,787911,Web,Plateau
902038,1191,2025-06-01,Débit,539979,Agence,Plateau
902039,1269,2025-06-01,Crédit,619017,Agence,Yopougon
902040,1071,2025-06-01,Crédit,260512,Web,Cocody
902041,1097,2025-06-01,Crédit,506508,Web,Cocody
902042,1051,2025-06-01,Débit,411698,Agence,Cocody
902043,1066,2025-06-01,Débit,76296,Web,Plateau
902044,1290,2025-06-01,Débit,264069,Web,Yopougon
902045,1116,2025-06-01,Crédit,431132,Agence,Bouaké
902046,1022,2025-06-01,Crédit,418798,Agence,Cocody
902047,1192,2025-06-01,Crédit,476679,GAB,Cocody
902048,1246,2025-06-01,Crédit,682423,GAB,Cocody
902049,1267,2025-06-01,Crédit,526282,Agence,Bouaké
902050,1016,2025-06-01,Crédit,74556,Agence,Cocody
902051,1021,2025-06-01,Crédit,295863,Web,Yopougon
902052,1238,2025-06-01,Crédit,323239,Mobile,Yopougon
902053,1241,2025-06-01,Crédit,409848,GAB,Bouaké
902054,1173,2025-06-01,Débit,730010,Web,Yopougon
902055,1273,2025-06-01,Débit,268814,Mobile,Yopougon
902056,1148,2025-06-01,Débit,333258,Mobile,Cocody
902057,1290,2025-06-01,Débit,370442,Mobile,Cocody
902058,1172,2025-06-01,Crédit,297051,Mobile,Bouaké
902059,1097,2025-06-01,Débit,726768,Mobile,Cocody
902060,1186,2025-06-01,Crédit,219396,Web,Cocody
902061,1061,2025-06-01,Crédit,674615,GAB,Cocody
902062,1173,2025-06-01,Débit,683929,Web,Yopougon
902063,1126,2025-06-01,Crédit,512870,Mobile,Bouaké
902064,1276,2025-06-01,Crédit,158448,Mobile,Plateau
902065,1130,2025-06-01,Débit,399853,Web,Plateau
902066,1035,2025-06-01,Débit,272188,Web,Bouaké
902067,1282,2025-06-01,Crédit,540946,Web,Cocody
902068,1137,2025-06-01,Débit,453483,Web,Plateau
902069,1244,2025-06-01,Crédit,410678,Mobile,Plateau
902070,1072,2025-06-01,Débit,133887,Mobile,Plateau
902071,1022,2025-06-01,Débit,295828,Agence,Yopougon
902072,1066,2025-06-01,Débit,784116,Web,Cocody
902073,1021,2025-06-01,Débit,15334,Agence,Yopougon
902074,1142,2025-06-01,Crédit,455680,GAB,Cocody
902075,1113,2025-06-01,Crédit,584459,Mobile,Cocody
902076,1078,2025-06-01,Débit,585607,Mobile,Cocody
902077,1088,2025-06-01,Crédit,218008,Agence,Cocody
902078,1047,2025-06-01,Crédit,514877,Agence,Plateau
902079,1127,2025-06-01,Crédit,236707,GAB,Bouaké
902080,1085,2025-06-01,Débit,236044,Mobile,Plateau
902081,1002,2025-06-01,Débit,708763,Mobile,Bouaké
902082,1297,2025-06-01,Crédit,472838,GAB,Cocody
902083,1052,2025-06-01,Débit,433379,Web,Bouaké
902084,1077,2025-06-01,Crédit,649929,Web,Plateau
902085,1278,2025-06-01,Crédit,220093,Web,Bouaké
902086,1269,2025-06-01,Crédit,342725,Agence,Bouaké
902087,1260,2025-06-01,Crédit,468669,GAB,Yopougon
902088,1074,2025-06-01,Débit,635145,Web,Cocody
902089,1207,2025-06-01,Débit,233514,Mobile,Yopougon
902090,1208,2025-06-01,Crédit,265849,Mobile,Cocody
902091,1195,2025-06-01,Crédit,30455,GAB,Plateau
902092,1232,2025-06-01,Débit,412759,Mobile,Yopougon
902093,1196,2025-06-01,Débit,519806,Web,Bouaké
902094,1218,2025-06-01,Débit,463607,Mobile,Yopougon
902095,1118,2025-06-01,Crédit,389402,Mobile,Bouaké
902096,1081,2025-06-01,Débit,234781,GAB,Plateau
902097,1196,2025-06-01,Crédit,55309,GAB,Plateau
902098,1082,2025-06-01,Débit,650346,Agence,Yopougon
902099,1041,2025-06-01,Crédit,480110,GAB,Yopougon
902100,1073,2025-06-01,Crédit,297042,GAB,Cocody
902101,1210,2025-06-01,Crédit,179722,Agence,Cocody
902102,1048,2025-06-01,Débit,605424,GAB,Yopougon
902103,1281,2025-06-01,Crédit,448824,GAB,Cocody
902104,1009,2025-06-01,Débit,636907,Agence,Plateau
902105,1052,2025-06-01,Crédit,192412,Agence,Bouaké
902106,1284,2025-06-01,Crédit,763339,GAB,Cocody
902107,1274,2025-06-01,Débit,262579,Agence,Yopougon
902108,1088,2025-06-01,Crédit,543177,Agence,Plateau
902109,1202,2025-06-01,Débit,180113,Agence,Bouaké
902110,1080,2025-06-01,Débit,258677,Mobile,Yopougon
902111,1237,2025-06-01,Débit,482043,GAB,Plateau
902112,1128,2025-06-01,Débit,676231,Agence,Plateau
902113,1194,2025-06-01,Débit,5601,Mobile,Bouaké
902114,1271,2025-06-01,Crédit,715436,Web,Bouaké
902115,1269,2025-06-01,Crédit,683799,Mobile,Bouaké
902116,1129,2025-06-01,Crédit,180002,Web,Cocody
902117,1019,2025-06-01,Débit,81983,Mobile,Yopougon
902118,1060,2025-06-01,Crédit,406156,Web,Yopougon
902119,1192,2025-06-01,Débit,334824,Web,Cocody
902120,1009,2025-06-01,Débit,461694,GAB,Bouaké
902121,1072,2025-06-01,Crédit,420614,GAB,Cocody
902122,1009,2025-06-01,Débit,465352,Mobile,Bouaké
902123,1205,2025-06-01,Crédit,752519,Web,Yopougon
902124,1105,2025-06-01,Crédit,141749,Web,Plateau
902125,1126,2025-06-01,Débit,676112,Agence,Yopougon
902126,1192,2025-06-01,Débit,372583,Web,Bouaké
902127,1222,2025-06-01,Débit,632296,Mobile,Yopougon
902128,1263,2025-06-01,Crédit,47492,Web,Plateau
902129,1181,2025-06-01,Crédit,207877,Mobile,Cocody
902130,1006,2025-06-01,Débit,158028,Mobile,Plateau
902131,1013,2025-06-01,Débit,666310,Mobile,Plateau
902132,1230,2025-06-01,Crédit,355267,Web,Yopougon
902133,1168,2025-06-01,Crédit,390841,Agence,Plateau
902134,1225,2025-06-01,Crédit,459461,Agence,Plateau
902135,1079,2025-06-01,Crédit,351189,Web,Yopougon
902136,1074,2025-06-01,Débit,210871,Agence,Bouaké
902137,1142,2025-06-01,Crédit,235935,Agence,Plateau
902138,1156,2025-06-01,Débit,144399,GAB,Bouaké
902139,1292,2025-06-01,Débit,442873,GAB,Bouaké
902140,1281,2025-06-01,Crédit,225846,Agence,Plateau
902141,1084,2025-06-01,Débit,283404,Web,Plateau
902142,1113,2025-06-01,Crédit,178648,Web,Plateau
902143,1041,2025-06-01,Crédit,364385,Mobile,Bouaké
902144,1133,2025-06-01,Crédit,667201,Mobile,Cocody
902145,1267,2025-06-01,Crédit,627697,GAB,Cocody
902146,1012,2025-06-01,Crédit,511877,Mobile,Yopougon
902147,1261,2025-06-01,Crédit,528107,Web,Plateau
902148,1154,2025-06-01,Crédit,116669,GAB,Cocody
902149,1113,2025-06-01,Débit,491903,GAB,Plateau
902150,1278,2025-06-01,Crédit,437689,Web,Bouaké
902151,1291,2025-06-01,Crédit,318612,Agence,Cocody
902152,1084,2025-06-01,Crédit,700082,Agence,Yopougon
902153,1030,2025-06-01,Crédit,430642,Web,Cocody
902154,1213,2025-06-01,Crédit,37081,Mobile,Yopougon
902155,1061,2025-06-01,Crédit,252130,Web,Bouaké
902156,1203,2025-06-01,Débit,430006,Web,Cocody
902157,1147,2025-06-01,Débit,645231,GAB,Yopougon
902158,1082,2025-06-01,Crédit,627273,Web,Plateau
902159,1052,2025-06-01,Débit,91308,Agence,Cocody
902160,1277,2025-06-01,Crédit,521579,Agence,Cocody
902161,1027,2025-06-01,Débit,499097,GAB,Plateau
902162,1069,2025-06-01,Crédit,389583,Mobile,Plateau
902163,1021,2025-06-01,Débit,329814,Mobile,Plateau
902164,1020,2025-06-01,Débit,46433,Agence,Cocody
902165,1088,2025-06-01,Crédit,519179,Agence,Yopougon
902166,1150,2025-06-01,Débit,647501,Mobile,Cocody
902167,1034,2025-06-01,Crédit,640612,Mobile,Cocody
902168,1264,2025-06-01,Débit,525529,GAB,Yopougon
902169,1017,2025-06-01,Crédit,360108,GAB,Bouaké
902170,1232,2025-06-01,Crédit,538595,Mobile,Yopougon
902171,1206,2025-06-01,Crédit,251546,Mobile,Yopougon
902172,1108,2025-06-01,Débit,488694,GAB,Cocody
902173,1019,2025-06-01,Débit,66601,Agence,Cocody
902174,1056,2025-06-01,Crédit,137235,GAB,Plateau
902175,1145,2025-06-01,Crédit,726132,Mobile,Cocody
902176,1247,2025-06-01,Crédit,434790,Agence,Yopougon
902177,1108,2025-06-01,Crédit,693056,Agence,Yopougon
902178,1081,2025-06-01,Crédit,205790,Mobile,Plateau
902179,1026,2025-06-01,Débit,269431,Web,Cocody
902180,1255,2025-06-01,Crédit,695308,Web,Yopougon
902181,1231,2025-06-01,Débit,347788,Web,Yopougon
902182,1291,2025-06-01,Débit,12800,GAB,Yopougon
902183,1213,2025-06-01,Débit,515545,Mobile,Cocody
902184,1022,2025-06-01,Débit,256682,Web,Yopougon
902185,1104,2025-06-01,Débit,443168,Agence,Plateau
902186,1185,2025-06-01,Crédit,649745,Mobile,Yopougon
902187,1002,2025-06-01,Débit,511250,GAB,Cocody
902188,1076,2025-06-01,Crédit,718404,Mobile,Bouaké
902189,1271,2025-06-01,Débit,461065,Agence,Bouaké
902190,1281,2025-06-01,Crédit,569964,Web,Plateau
902191,1146,2025-06-01,Crédit,23785,Web,Plateau
902192,1243,2025-06-01,Crédit,491060,GAB,Yopougon
902193,1115,2025-06-01,Crédit,282558,Mobile,Plateau
902194,1118,2025-06-01,Crédit,418990,Mobile,Plateau
902195,1272,2025-06-01,Débit,47513,GAB,Bouaké
902196,1123,2025-06-01,Crédit,7359,Web,Plateau
902197,1039,2025-06-01,Crédit,566258,Web,Plateau
902198,1257,2025-06-01,Crédit,634402,Agence,Bouaké
902199,1298,2025-06-01,Débit,565033,Mobile,Plateau
902200,1121,2025-06-01,Crédit,592993,Mobile,Cocody
902201,1280,2025-06-01,Débit,19901,Web,Plateau
902202,1169,2025-06-01,Débit,508174,Agence,Plateau
902203,1067,2025-06-01,Crédit,182233,Mobile,Yopougon
902204,1213,2025-06-01,Débit,452164,GAB,Cocody
902205,1186,2025-06-01,Débit,307806,Mobile,Plateau
902206,1040,2025-06-01,Débit,132339,Agence,Cocody
902207,1034,2025-06-01,Crédit,192664,Agence,Bouaké
902208,1173,2025-06-01,Débit,529773,Web,Plateau
902209,1247,2025-06-01,Crédit,92312,Mobile,Plateau
902210,1181,2025-06-01,Débit,411722,GAB,Yopougon
902211,1010,2025-06-01,Débit,71514,GAB,Cocody
902212,1176,2025-06-01,Débit,552447,GAB,Bouaké
902213,1180,2025-06-01,Débit,361705,Web,Bouaké
902214,1054,2025-06-01,Crédit,227675,GAB,Cocody
902215,1248,2025-06-01,Débit,785823,GAB,Bouaké
902216,1286,2025-06-01,Crédit,411087,Mobile,Yopougon
902217,1102,2025-06-01,Débit,43146,Web,Cocody
902218,1002,2025-06-01,Crédit,22953,Mobile,Yopougon
902219,1213,2025-06-01,Débit,335479,Web,Plateau
902220,1069,2025-06-01,Débit,628534,Agence,Cocody
902221,1243,2025-06-01,Crédit,585476,Mobile,Plateau
902222,1017,2025-06-01,Crédit,262989,Mobile,Bouaké
902223,1151,2025-06-01,Débit,116751,Agence,Yopougon
902224,1071,2025-06-01,Crédit,403019,GAB,Yopougon
902225,1175,2025-06-01,Crédit,83011,Mobile,Plateau
902226,1256,2025-06-01,Crédit,779508,Mobile,Bouaké
902227,1012,2025-06-01,Débit,304006,Mobile,Cocody
902228,1048,2025-06-01,Débit,555454,Agence,Yopougon
902229,1059,2025-06-01,Débit,282033,Mobile,Yopougon
902230,1064,2025-06-01,Débit,609411,GAB,Plateau
902231,1119,2025-06-01,Débit,294946,Mobile,Plateau
902232,1282,2025-06-01,Crédit,584198,Mobile,Plateau
902233,1207,2025-06-01,Débit,332042,Web,Plateau
902234,1171,2025-06-01,Crédit,782093,Agence,Cocody
902235,1036,2025-06-01,Débit,621881,Agence,Plateau
902236,1245,2025-06-01,Débit,497016,Mobile,Bouaké
902237,1278,2025-06-01,Débit,282120,GAB,Cocody
902238,1042,2025-06-01,Crédit,181559,GAB,Plateau
902239,1009,2025-06-01,Crédit,234027,GAB,Cocody
902240,1261,2025-06-01,Débit,432725,Agence,Yopougon
902241,1296,2025-06-01,Débit,521583,GAB,Plateau
902242,1221,2025-06-01,Débit,648047,Web,Cocody
902243,1271,2025-06-01,Crédit,365991,GAB,Bouaké
902244,1211,2025-06-01,Crédit,287444,GAB,Plateau
902245,1216,2025-06-01,Crédit,684831,Web,Plateau
902246,1059,2025-06-01,Crédit,624433,GAB,Yopougon
902247,1066,2025-06-01,Débit,676949,Agence,Cocody
902248,1068,2025-06-01,Débit,247069,GAB,Plateau
902249,1037,2025-06-01,Crédit,144420,GAB,Yopougon
902250,1058,2025-06-01,Débit,688517,GAB,Plateau
902251,1008,2025-06-01,Crédit,117149,Mobile,Cocody
902252,1229,2025-06-01,Débit,159127,Agence,Yopougon
902253,1167,2025-06-01,Crédit,402121,Mobile,Bouaké
902254,1104,2025-06-01,Débit,221826,Web,Yopougon
902255,1097,2025-06-01,Débit,518711,Web,Yopougon
902256,1224,2025-06-01,Débit,269357,Agence,Bouaké
902257,1238,2025-06-01,Débit,69387,Agence,Bouaké
902258,1269,2025-06-01,Crédit,218741,Web,Plateau
902259,1148,2025-06-01,Débit,302214,Mobile,Cocody
902260,1219,2025-06-01,Débit,501221,Agence,Bouaké
902261,1179,2025-06-01,Crédit,680545,GAB,Bouaké
902262,1103,2025-06-01,Crédit,504997,Web,Yopougon
902263,1083,2025-06-01,Crédit,236279,Web,Cocody
902264,1009,2025-06-01,Débit,681562,Web,Bouaké
902265,1113,2025-06-01,Débit,120159,Mobile,Yopougon
902266,1268,2025-06-01,Crédit,728420,Agence,Yopougon
902267,1265,2025-06-01,Crédit,787660,Web,Plateau
902268,1033,2025-06-01,Débit,257943,Mobile,Yopougon
902269,1126,2025-06-01,Débit,663001,Web,Plateau
902270,1077,2025-06-01,Débit,348279,Web,Yopougon
902271,1001,2025-06-01,Crédit,207814,GAB,Plateau
902272,1157,2025-06-01,Crédit,268368,Mobile,Cocody
902273,1206,2025-06-01,Crédit,105757,Web,Bouaké
902274,1101,2025-06-01,Débit,345488,Agence,Yopougon
902275,1183,2025-06-01,Crédit,257882,Mobile,Bouaké
902276,1117,2025-06-01,Crédit,594756,Agence,Plateau
902277,1053,2025-06-01,Débit,247540,Web,Plateau
902278,1105,2025-06-01,Crédit,437390,Agence,Plateau
902279,1281,2025-06-01,Crédit,758329,GAB,Cocody
902280,1110,2025-06-01,Débit,393892,Agence,Plateau
902281,1132,2025-06-01,Débit,621038,Web,Plateau
902282,1144,2025-06-01,Crédit,224240,Agence,Yopougon
902283,1122,2025-06-01,Débit,103052,Mobile,Cocody
902284,1023,2025-06-01,Crédit,727465,Mobile,Cocody
902285,1004,2025-06-01,Crédit,231868,Web,Yopougon
902286,1052,2025-06-01,Débit,533168,GAB,Yopougon
902287,1001,2025-06-01,Crédit,735206,Mobile,Yopougon
902288,1232,2025-06-01,Débit,33206,Agence,Plateau
902289,1141,2025-06-01,Débit,185426,GAB,Cocody
902290,1024,2025-06-01,Débit,210369,GAB,Cocody
902291,1068,2025-06-01,Crédit,488241,Agence,Bouaké
902292,1116,2025-06-01,Débit,38020,Agence,Cocody
902293,1188,2025-06-01,Crédit,725119,Web,Cocody
902294,1033,2025-06-01,Débit,501741,Web,Plateau
902295,1088,2025-06-01,Crédit,41835,GAB,Bouaké
902296,1056,2025-06-01,Débit,170186,GAB,Plateau
902297,1079,2025-06-01,Crédit,118707,Web,Cocody
902298,1086,2025-06-01,Crédit,753365,Mobile,Bouaké
902299,1081,2025-06-01,Débit,475872,Web,Cocody
902300,1228,2025-06-01,Crédit,336067,Mobile,Cocody
902301,1011,2025-06-01,Débit,430529,Mobile,Bouaké
902302,1275,2025-06-01,Crédit,100446,Agence,Cocody
902303,1028,2025-06-01,Débit,777804,Agence,Bouaké
902304,1203,2025-06-01,Débit,60398,GAB,Cocody
902305,1065,2025-06-01,Débit,58223,Agence,Cocody
902306,1276,2025-06-01,Débit,360584,Agence,Yopougon
902307,1134,2025-06-01,Crédit,580571,GAB,Cocody
902308,1023,2025-06-01,Crédit,519335,GAB,Cocody
902309,1113,2025-06-01,Débit,548115,GAB,Bouaké
902310,1037,2025-06-01,Crédit,760939,Agence,Yopougon
902311,1236,2025-06-01,Débit,719435,Mobile,Yopougon
902312,1016,2025-06-01,Débit,17089,Agence,Plateau
902313,1016,2025-06-01,Débit,343162,GAB,Plateau
902314,1043,2025-06-01,Débit,509134,Agence,Bouaké
902315,1276,2025-06-01,Crédit,65028,Agence,Cocody
902316,1181,2025-06-01,Crédit,402457,Agence,Yopougon
902317,1150,2025-06-01,Crédit,172011,Agence,Cocody
902318,1296,2025-06-01,Crédit,306134,Web,Plateau
902319,1078,2025-06-01,Débit,308014,Agence,Yopougon
902320,1195,2025-06-01,Crédit,47344,Web,Bouaké
902321,1014,2025-06-01,Débit,633318,Agence,Plateau
902322,1134,2025-06-01,Débit,401252,Mobile,Yopougon
902323,1046,2025-06-01,Crédit,764063,Mobile,Cocody
902324,1208,2025-06-01,Crédit,595349,Agence,Cocody
902325,1212,2025-06-01,Débit,287496,GAB,Yopougon
902326,1190,2025-06-01,Débit,388999,Mobile,Cocody
902327,1296,2025-06-01,Crédit,770040,Agence,Plateau
902328,1241,2025-06-01,Débit,431489,GAB,Cocody
902329,1211,2025-06-01,Crédit,653115,Mobile,Plateau
902330,1270,2025-06-01,Débit,136875,Agence,Plateau
902331,1138,2025-06-01,Débit,133356,Web,Yopougon
902332,1271,2025-06-01,Débit,587791,Agence,Yopougon
902333,1133,2025-06-01,Débit,579071,Web,Bouaké
902334,1128,2025-06-01,Débit,401453,GAB,Plateau
902335,1205,2025-06-01,Crédit,258993,GAB,Plateau
902336,1073,2025-06-01,Crédit,654146,Mobile,Cocody
902337,1268,2025-06-01,Crédit,432442,Mobile,Cocody
902338,1011,2025-06-01,Débit,445191,GAB,Yopougon
902339,1271,2025-06-01,Crédit,229263,Agence,Yopougon
902340,1129,2025-06-01,Débit,489405,Agence,Bouaké
902341,1150,2025-06-01,Crédit,169282,Mobile,Yopougon
902342,1149,2025-06-01,Débit,200652,Web,Cocody
902343,1189,2025-06-01,Crédit,574868,GAB,Yopougon
902344,1099,2025-06-01,Débit,706145,Agence,Bouaké
902345,1194,2025-06-01,Crédit,436165,Mobile,Yopougon
902346,1263,2025-06-01,Débit,241838,Agence,Yopougon
902347,1124,2025-06-01,Débit,293812,Mobile,Cocody
902348,1239,2025-06-01,Débit,711402,Mobile,Plateau
902349,1149,2025-06-01,Débit,310530,GAB,Cocody
902350,1111,2025-06-01,Débit,377311,GAB,Yopougon
902351,1162,2025-06-01,Débit,418893,GAB,Cocody
902352,1053,2025-06-01,Débit,104168,Web,Bouaké
902353,1064,2025-06-01,Débit,640915,GAB,Cocody
902354,1047,2025-06-01,Débit,521508,GAB,Cocody
902355,1208,2025-06-01,Crédit,241682,Agence,Bouaké
902356,1018,2025-06-01,Débit,92939,Web,Yopougon
902357,1200,2025-06-01,Débit,489141,Web,Plateau
902358,1006,2025-06-01,Débit,223841,Agence,Plateau
902359,1055,2025-06-01,Crédit,440182,Agence,Cocody
902360,1269,2025-06-01,Débit,261257,Web,Yopougon
902361,1242,2025-06-01,Crédit,281705,Mobile,Plateau
902362,1213,2025-06-01,Débit,656226,GAB,Bouaké
902363,1189,2025-06-01,Crédit,145431,Agence,Plateau
902364,1160,2025-06-01,Débit,134156,Mobile,Plateau
902365,1277,2025-06-01,Crédit,241814,GAB,Bouaké
902366,1272,2025-06-01,Crédit,364609,Agence,Cocody
902367,1209,2025-06-01,Débit,183887,GAB,Cocody
902368,1259,2025-06-01,Débit,82071,GAB,Bouaké
902369,1141,2025-06-01,Crédit,359098,Web,Plateau
902370,1048,2025-06-01,Crédit,43255,Mobile,Cocody
902371,1267,2025-06-01,Crédit,788438,Agence,Yopougon
902372,1011,2025-06-01,Crédit,254192,Web,Bouaké
902373,1220,2025-06-01,Crédit,784885,Agence,Plateau
902374,1060,2025-06-01,Débit,452234,Agence,Plateau
902375,1099,2025-06-01,Débit,550528,GAB,Yopougon
902376,1200,2025-06-01,Crédit,641933,Agence,Plateau
902377,1198,2025-06-01,Débit,723178,Web,Plateau
902378,1165,2025-06-01,Débit,109800,GAB,Cocody
902379,1131,2025-06-01,Crédit,378078,Agence,Bouaké
902380,1261,2025-06-01,Débit,462431,Agence,Bouaké
902381,1249,2025-06-01,Crédit,593640,GAB,Cocody
902382,1269,2025-06-01,Crédit,309507,Agence,Plateau
902383,1124,2025-06-01,Crédit,586467,Agence,Bouaké
902384,1100,2025-06-01,Crédit,317937,GAB,Bouaké
902385,1282,2025-06-01,Débit,432249,Agence,Cocody
902386,1120,2025-06-01,Crédit,649358,Agence,Plateau
902387,1053,2025-06-01,Crédit,478467,Agence,Plateau
902388,1260,2025-06-01,Crédit,596881,Agence,Yopougon
902389,1147,2025-06-01,Débit,21539,Web,Yopougon
902390,1299,2025-06-01,Débit,427424,Web,Bouaké
902391,1152,2025-06-01,Crédit,99009,Mobile,Cocody
902392,1275,2025-06-01,Crédit,612418,Web,Cocody
902393,1076,2025-06-01,Crédit,597801,Agence,Yopougon
902394,1011,2025-06-01,Crédit,602144,GAB,Cocody
902395,1098,2025-06-01,Débit,198938,GAB,Yopougon
902396,1073,2025-06-01,Crédit,428847,Agence,Bouaké
902397,1012,2025-06-01,Crédit,167530,Web,Plateau
902398,1235,2025-06-01,Crédit,37002,Web,Cocody
902399,1111,2025-06-01,Crédit,593942,GAB,Cocody
902400,1167,2025-06-01,Crédit,686773,GAB,Cocody
902401,1288,2025-06-01,Débit,303531,Agence,Yopougon
902402,1209,2025-06-01,Débit,154376,Web,Yopougon
902403,1016,2025-06-01,Débit,430964,Mobile,Cocody
902404,1223,2025-06-01,Crédit,103039,Web,Bouaké
902405,1177,2025-06-01,Crédit,665972,Agence,Cocody
902406,1008,2025-06-01,Crédit,451644,Agence,Cocody
902407,1098,2025-06-01,Crédit,604268,Mobile,Plateau
902408,1129,2025-06-01,Débit,285019,Web,Cocody
902409,1124,2025-06-01,Crédit,538757,Mobile,Plateau
902410,1016,2025-06-01,Débit,506656,GAB,Plateau
902411,1004,2025-06-01,Crédit,634557,Web,Bouaké
902412,1033,2025-06-01,Débit,127456,Web,Cocody
902413,1039,2025-06-01,Débit,705779,GAB,Yopougon
902414,1014,2025-06-01,Débit,74439,Web,Plateau
902415,1143,2025-06-01,Débit,312269,Agence,Yopougon
902416,1028,2025-06-01,Crédit,432599,GAB,Cocody
902417,1299,2025-06-01,Crédit,678262,Web,Cocody
902418,1026,2025-06-01,Crédit,236222,Mobile,Yopougon
902419,1009,2025-06-01,Crédit,467054,Web,Yopougon
902420,1201,2025-06-01,Débit,66008,Web,Cocody
902421,1207,2025-06-01,Crédit,709007,GAB,Cocody
902422,1177,2025-06-01,Débit,587446,Agence,Bouaké
902423,1243,2025-06-01,Crédit,55011,GAB,Plateau
902424,1135,2025-06-01,Débit,421577,Mobile,Plateau
902425,1100,2025-06-01,Débit,217511,Web,Cocody
902426,1046,2025-06-01,Débit,334462,Mobile,Cocody
902427,1104,2025-06-01,Crédit,425806,Agence,Bouaké
902428,1279,2025-06-01,Débit,491806,Agence,Cocody
902429,1085,2025-06-01,Débit,87412,GAB,Plateau
902430,1195,2025-06-01,Débit,234502,Web,Cocody
902431,1263,2025-06-01,Crédit,143785,Web,Bouaké
902432,1280,2025-06-01,Crédit,399244,Agence,Cocody
902433,1112,2025-06-01,Crédit,82946,Mobile,Yopougon
902434,1136,2025-06-01,Débit,766252,GAB,Yopougon
902435,1025,2025-06-01,Débit,419804,Mobile,Plateau
902436,1049,2025-06-01,Crédit,293769,Mobile,Plateau
902437,1122,2025-06-01,Crédit,219843,Mobile,Plateau
902438,1204,2025-06-01,Crédit,565130,Agence,Cocody
902439,1238,2025-06-01,Crédit,704689,GAB,Cocody
902440,1039,2025-06-01,Débit,174320,Agence,Bouaké
902441,1275,2025-06-01,Débit,112309,GAB,Yopougon
902442,1266,2025-06-01,Crédit,184956,Mobile,Bouaké
902443,1225,2025-06-01,Débit,799693,Web,Cocody
902444,1277,2025-06-01,Débit,125570,GAB,Yopougon
902445,1210,2025-06-01,Débit,359912,GAB,Bouaké
902446,1012,2025-06-01,Crédit,741959,Web,Bouaké
902447,1061,2025-06-01,Crédit,506556,Agence,Bouaké
902448,1255,2025-06-01,Débit,429762,GAB,Plateau
902449,1187,2025-06-01,Débit,399387,GAB,Plateau
902450,1088,2025-06-01,Débit,239784,Mobile,Yopougon
902451,1082,2025-06-01,Débit,417464,Mobile,Plateau
902452,1172,2025-06-01,Crédit,114996,Mobile,Bouaké
902453,1292,2025-06-01,Débit,773071,Agence,Cocody
902454,1038,2025-06-01,Débit,348295,Web,Bouaké
902455,1021,2025-06-01,Crédit,251645,Web,Yopougon
902456,1280,2025-06-01,Débit,171028,GAB,Plateau
902457,1170,2025-06-01,Débit,639563,GAB,Bouaké
902458,1129,2025-06-01,Crédit,684865,GAB,Yopougon
902459,1173,2025-06-01,Débit,683712,Agence,Yopougon
902460,1178,2025-06-01,Crédit,661477,Web,Plateau
902461,1226,2025-06-01,Débit,379276,GAB,Cocody
902462,1279,2025-06-01,Crédit,474320,Web,Bouaké
902463,1101,2025-06-01,Débit,32491,Web,Yopougon
902464,1195,2025-06-01,Débit,648851,Agence,Bouaké
902465,1254,2025-06-01,Crédit,408150,GAB,Bouaké
902466,1259,2025-06-01,Crédit,758443,GAB,Cocody
902467,1164,2025-06-01,Débit,522899,Agence,Yopougon
902468,1269,2025-06-01,Débit,422955,GAB,Cocody
902469,1189,2025-06-01,Débit,734286,Mobile,Plateau
902470,1185,2025-06-01,Crédit,404443,Mobile,Bouaké
902471,1292,2025-06-01,Débit,37122,Agence,Cocody
902472,1144,2025-06-01,Débit,787733,Mobile,Yopougon
902473,1138,2025-06-01,Crédit,196423,Web,Bouaké
902474,1202,2025-06-01,Débit,152172,Mobile,Yopougon
902475,1096,2025-06-01,Débit,669743,GAB,Yopougon
902476,1201,2025-06-01,Débit,209019,Agence,Yopougon
902477,1208,2025-06-01,Débit,278393,Agence,Yopougon
902478,1096,2025-06-01,Crédit,762513,Web,Cocody
902479,1176,2025-06-01,Crédit,180824,GAB,Bouaké
902480,1114,2025-06-01,Débit,365002,Mobile,Plateau
902481,1115,2025-06-01,Débit,592132,Web,Yopougon
902482,1188,2025-06-01,Débit,682192,Web,Yopougon
902483,1198,2025-06-01,Crédit,21391,Mobile,Bouaké
902484,1148,2025-06-01,Crédit,240097,Agence,Cocody
902485,1157,2025-06-01,Débit,713236,Agence,Plateau
902486,1247,2025-06-01,Crédit,177820,Agence,Cocody
902487,1268,2025-06-01,Crédit,615247,GAB,Yopougon
902488,1020,2025-06-01,Débit,386916,GAB,Bouaké
902489,1158,2025-06-01,Débit,346045,Mobile,Bouaké
902490,1056,2025-06-01,Crédit,348687,GAB,Plateau
902491,1111,2025-06-01,Débit,388894,GAB,Bouaké
902492,1244,2025-06-01,Débit,254717,Web,Bouaké
902493,1163,2025-06-01,Débit,21836,Mobile,Cocody
902494,1056,2025-06-01,Crédit,96369,Agence,Yopougon
902495,1091,2025-06-01,Crédit,406533,Agence,Bouaké
902496,1288,2025-06-01,Débit,639463,GAB,Bouaké
902497,1004,2025-06-01,Crédit,383521,GAB,Cocody
902498,1264,2025-06-01,Crédit,426730,GAB,Cocody
902499,1170,2025-06-01,Crédit,441294,Agence,Yopougon
902500,1299,2025-06-01,Crédit,795930,Web,Bouaké
902501,1144,2025-06-01,Crédit,180730,GAB,Bouaké
902502,1173,2025-06-01,Crédit,781787,Mobile,Yopougon
902503,1217,2025-06-01,Crédit,337741,Mobile,Cocody
902504,1258,2025-06-01,Débit,324335,Agence,Plateau
902505,1220,2025-06-01,Crédit,31629,GAB,Plateau
902506,1021,2025-06-01,Débit,168518,Mobile,Yopougon
902507,1118,2025-06-01,Débit,81281,GAB,Cocody
902508,1060,2025-06-01,Crédit,337793,Agence,Cocody
902509,1003,2025-06-01,Crédit,361442,Web,Plateau
902510,1268,2025-06-01,Débit,669186,Web,Cocody
902511,1052,2025-06-01,Crédit,322993,Mobile,Bouaké
902512,1198,2025-06-01,Crédit,156070,Web,Cocody
902513,1217,2025-06-01,Crédit,673280,Web,Yopougon
902514,1212,2025-06-01,Débit,788181,Agence,Cocody
902515,1188,2025-06-01,Débit,391750,Mobile,Cocody
902516,1036,2025-06-01,Débit,186271,Agence,Cocody
902517,1098,2025-06-01,Débit,137430,GAB,Cocody
902518,1004,2025-06-01,Crédit,659382,Agence,Plateau
902519,1194,2025-06-01,Débit,99215,GAB,Bouaké
902520,1135,2025-06-01,Crédit,172930,GAB,Bouaké
902521,1177,2025-06-01,Débit,563380,GAB,Bouaké
902522,1207,2025-06-01,Débit,702467,Web,Cocody
902523,1093,2025-06-01,Crédit,508399,Web,Yopougon
902524,1134,2025-06-01,Crédit,594343,Mobile,Bouaké
902525,1070,2025-06-01,Crédit,167272,Agence,Yopougon
902526,1073,2025-06-01,Débit,540747,Web,Bouaké
902527,1284,2025-06-01,Débit,769995,Agence,Bouaké
902528,1028,2025-06-01,Débit,758180,Web,Plateau
902529,1241,2025-06-01,Débit,71397,Web,Cocody
902530,1102,2025-06-01,Crédit,757032,GAB,Cocody
902531,1015,2025-06-01,Crédit,195619,GAB,Cocody
902532,1296,2025-06-01,Débit,781989,Web,Cocody
902533,1052,2025-06-01,Crédit,347836,Agence,Yopougon
902534,1121,2025-06-01,Débit,252940,GAB,Yopougon
902535,1187,2025-06-01,Débit,610662,GAB,Yopougon
902536,1285,2025-06-01,Crédit,284737,Web,Plateau
902537,1251,2025-06-01,Crédit,777921,Web,Cocody
902538,1083,2025-06-01,Crédit,308922,GAB,Plateau
902539,1293,2025-06-01,Crédit,278718,Mobile,Bouaké
902540,1060,2025-06-01,Débit,473531,Web,Plateau
902541,1096,2025-06-01,Débit,466522,Agence,Cocody
902542,1029,2025-06-01,Crédit,263462,Web,Bouaké
902543,1058,2025-06-01,Débit,519145,Mobile,Cocody
902544,1297,2025-06-01,Débit,142015,GAB,Plateau
902545,1051,2025-06-01,Débit,387003,Web,Plateau
902546,1281,2025-06-01,Débit,186682,Agence,Plateau
902547,1136,2025-06-01,Crédit,641045,Web,Bouaké
902548,1179,2025-06-01,Débit,731998,Mobile,Yopougon
902549,1095,2025-06-01,Débit,673390,Web,Plateau
902550,1021,2025-06-01,Débit,23179,Mobile,Yopougon
902551,1121,2025-06-01,Crédit,681758,Agence,Yopougon
902552,1057,2025-06-01,Crédit,74634,Mobile,Cocody
902553,1108,2025-06-01,Débit,28950,GAB,Cocody
902554,1179,2025-06-01,Débit,101967,Mobile,Cocody
902555,1245,2025-06-01,Crédit,690511,GAB,Plateau
902556,1101,2025-06-01,Débit,609555,Web,Bouaké
902557,1043,2025-06-01,Débit,725134,Web,Plateau
902558,1059,2025-06-01,Débit,422143,Agence,Cocody
902559,1078,2025-06-01,Débit,222312,GAB,Plateau
902560,1236,2025-06-01,Crédit,494216,GAB,Plateau
902561,1059,2025-06-01,Débit,126565,Agence,Bouaké
902562,1207,2025-06-01,Débit,140793,GAB,Plateau
902563,1062,2025-06-01,Débit,473179,GAB,Yopougon
902564,1271,2025-06-01,Crédit,265753,GAB,Cocody
902565,1019,2025-06-01,Crédit,604663,GAB,Bouaké
902566,1195,2025-06-01,Crédit,223525,Agence,Cocody
902567,1234,2025-06-01,Crédit,551300,Agence,Cocody
902568,1145,2025-06-01,Débit,110338,Agence,Yopougon
902569,1012,2025-06-01,Crédit,660725,GAB,Yopougon
902570,1005,2025-06-01,Crédit,146174,GAB,Yopougon
902571,1193,2025-06-01,Débit,22946,GAB,Yopougon
902572,1180,2025-06-01,Crédit,74224,Agence,Cocody
902573,1292,2025-06-01,Crédit,139430,Web,Plateau
902574,1050,2025-06-01,Débit,480774,Agence,Cocody
902575,1142,2025-06-01,Débit,449451,Mobile,Yopougon
902576,1277,2025-06-01,Crédit,411185,Mobile,Cocody
902577,1109,2025-06-01,Débit,276955,Agence,Cocody
902578,1014,2025-06-01,Débit,510258,Agence,Bouaké
902579,1064,2025-06-01,Crédit,649089,GAB,Bouaké
902580,1119,2025-06-01,Crédit,296431,Agence,Cocody
902581,1032,2025-06-01,Crédit,758759,Agence,Bouaké
902582,1219,2025-06-01,Débit,437371,GAB,Cocody
902583,1065,2025-06-01,Crédit,561843,Agence,Yopougon
902584,1164,2025-06-01,Crédit,171302,Agence,Cocody
902585,1147,2025-06-01,Débit,266826,Agence,Plateau
902586,1009,2025-06-01,Crédit,430239,Web,Bouaké
902587,1189,2025-06-01,Crédit,328233,Agence,Yopougon
902588,1227,2025-06-01,Crédit,395038,Mobile,Bouaké
902589,1089,2025-06-01,Débit,268487,Web,Plateau
902590,1071,2025-06-01,Crédit,489175,Web,Plateau
902591,1057,2025-06-01,Débit,586898,Agence,Plateau
902592,1264,2025-06-01,Débit,45611,GAB,Plateau
902593,1212,2025-06-01,Débit,110253,Web,Bouaké
902594,1142,2025-06-01,Débit,517737,GAB,Bouaké
902595,1265,2025-06-01,Débit,575816,Agence,Plateau
902596,1188,2025-06-01,Crédit,117619,GAB,Plateau
902597,1056,2025-06-01,Crédit,743516,Agence,Bouaké
902598,1044,2025-06-01,Débit,538057,Agence,Bouaké
902599,1232,2025-06-01,Débit,263477,Agence,Bouaké
902600,1118,2025-06-01,Crédit,88579,Agence,Yopougon
902601,1185,2025-06-01,Crédit,520934,Mobile,Cocody
902602,1206,2025-06-01,Débit,124753,GAB,Plateau
902603,1009,2025-06-01,Crédit,195553,Mobile,Yopougon
902604,1229,2025-06-01,Crédit,742576,Web,Yopougon
902605,1255,2025-06-01,Débit,219498,Agence,Plateau
902606,1171,2025-06-01,Débit,708647,GAB,Bouaké
902607,1081,2025-06-01,Crédit,271570,Web,Bouaké
902608,1224,2025-06-01,Débit,87767,Mobile,Plateau
902609,1269,2025-06-01,Débit,149936,Web,Plateau
902610,1017,2025-06-01,Débit,283925,Web,Bouaké
902611,1218,2025-06-01,Débit,330689,Mobile,Plateau
902612,1035,2025-06-01,Débit,58034,Web,Bouaké
902613,1240,2025-06-01,Débit,269573,Agence,Plateau
902614,1135,2025-06-01,Débit,575297,Agence,Yopougon
902615,1294,2025-06-01,Débit,335350,GAB,Plateau
902616,1163,2025-06-01,Débit,49351,Mobile,Plateau
902617,1153,2025-06-01,Crédit,419187,Web,Cocody
902618,1034,2025-06-01,Débit,490750,Web,Plateau
902619,1213,2025-06-01,Crédit,637277,Mobile,Plateau
902620,1211,2025-06-01,Crédit,109413,GAB,Cocody
902621,1249,2025-06-01,Crédit,56489,Web,Bouaké
902622,1293,2025-06-01,Crédit,265300,GAB,Cocody
902623,1166,2025-06-01,Crédit,196905,GAB,Yopougon
902624,1299,2025-06-01,Débit,645204,Web,Plateau
902625,1035,2025-06-01,Crédit,178164,Web,Cocody
902626,1014,2025-06-01,Débit,494966,Agence,Bouaké
902627,1277,2025-06-01,Débit,115825,Agence,Bouaké
902628,1029,2025-06-01,Débit,697852,Agence,Yopougon
902629,1049,2025-06-01,Débit,251636,Mobile,Bouaké
902630,1076,2025-06-01,Débit,92556,Web,Plateau
902631,1276,2025-06-01,Crédit,698618,Agence,Plateau
902632,1280,2025-06-01,Crédit,277667,Mobile,Cocody
902633,1083,2025-06-01,Débit,478213,Mobile,Cocody
902634,1293,2025-06-01,Crédit,536468,Mobile,Bouaké
902635,1006,2025-06-01,Débit,69712,Agence,Yopougon
902636,1277,2025-06-01,Débit,444130,Web,Yopougon
902637,1243,2025-06-01,Débit,193565,GAB,Bouaké
902638,1289,2025-06-01,Débit,319106,Web,Plateau
902639,1044,2025-06-01,Débit,540715,Web,Yopougon
902640,1085,2025-06-01,Crédit,591876,GAB,Bouaké
902641,1201,2025-06-01,Crédit,701866,Agence,Yopougon
902642,1023,2025-06-01,Crédit,245477,Agence,Yopougon
902643,1046,2025-06-01,Crédit,122957,Mobile,Bouaké
902644,1023,2025-06-01,Crédit,583654,GAB,Cocody
902645,1250,2025-06-01,Crédit,711942,GAB,Yopougon
902646,1194,2025-06-01,Crédit,117206,Web,Bouaké
902647,1094,2025-06-01,Crédit,676087,Agence,Bouaké
902648,1145,2025-06-01,Crédit,407370,GAB,Yopougon
902649,1220,2025-06-01,Débit,283548,Web,Yopougon
902650,1078,2025-06-01,Débit,470511,Agence,Cocody
902651,1288,2025-06-01,Crédit,112174,Web,Cocody
902652,1082,2025-06-01,Crédit,613171,GAB,Bouaké
902653,1141,2025-06-01,Débit,5359,GAB,Yopougon
902654,1274,2025-06-01,Crédit,563580,GAB,Plateau
902655,1224,2025-06-01,Débit,276090,Web,Bouaké
902656,1078,2025-06-01,Crédit,636182,Agence,Bouaké
902657,1012,2025-06-01,Débit,98513,Mobile,Plateau
902658,1110,2025-06-01,Débit,619987,GAB,Yopougon
902659,1084,2025-06-01,Débit,754453,Web,Plateau
902660,1120,2025-06-01,Débit,503189,Web,Plateau
902661,1175,2025-06-01,Débit,265702,Agence,Yopougon
902662,1165,2025-06-01,Débit,425068,Mobile,Plateau
902663,1085,2025-06-01,Crédit,296941,Mobile,Bouaké
902664,1075,2025-06-01,Crédit,135620,Agence,Bouaké
902665,1163,2025-06-01,Débit,207635,Mobile,Yopougon
902666,1015,2025-06-01,Crédit,426595,Agence,Bouaké
902667,1248,2025-06-01,Débit,545842,GAB,Yopougon
902668,1276,2025-06-01,Débit,578261,Agence,Bouaké
902669,1237,2025-06-01,Débit,106605,Mobile,Plateau
902670,1227,2025-06-01,Crédit,438795,Agence,Cocody
902671,1168,2025-06-01,Débit,418683,Web,Yopougon
902672,1280,2025-06-01,Crédit,651413,GAB,Bouaké
902673,1282,2025-06-01,Crédit,331752,Web,Yopougon
902674,1047,2025-06-01,Crédit,361814,Mobile,Yopougon
902675,1026,2025-06-01,Débit,135145,GAB,Cocody
902676,1030,2025-06-01,Crédit,383867,GAB,Bouaké
902677,1023,2025-06-01,Crédit,123896,Agence,Bouaké
902678,1041,2025-06-01,Crédit,720932,Agence,Cocody
902679,1276,2025-06-01,Crédit,222203,Web,Yopougon
902680,1128,2025-06-01,Crédit,748814,GAB,Plateau
902681,1264,2025-06-01,Crédit,348569,Mobile,Plateau
902682,1195,2025-06-01,Crédit,13051,Agence,Plateau
902683,1294,2025-06-01,Crédit,147487,Mobile,Yopougon
902684,1092,2025-06-01,Débit,312565,Web,Bouaké
902685,1141,2025-06-01,Crédit,457292,Web,Bouaké
902686,1026,2025-06-01,Crédit,461973,Mobile,Cocody
902687,1008,2025-06-01,Crédit,335036,Web,Yopougon
902688,1251,2025-06-01,Crédit,361428,Agence,Bouaké
902689,1158,2025-06-01,Crédit,236454,GAB,Plateau
902690,1218,2025-06-01,Débit,259297,Mobile,Yopougon
902691,1208,2025-06-01,Crédit,142160,GAB,Bouaké
902692,1173,2025-06-01,Crédit,61824,Agence,Bouaké
902693,1172,2025-06-01,Crédit,245021,Agence,Plateau
902694,1218,2025-06-01,Débit,200809,Agence,Cocody
902695,1078,2025-06-01,Crédit,194838,Web,Bouaké
902696,1245,2025-06-01,Crédit,330704,Web,Cocody
902697,1162,2025-06-01,Débit,414095,Agence,Plateau
902698,1041,2025-06-01,Débit,299577,Agence,Plateau
902699,1191,2025-06-01,Crédit,564319,Web,Plateau
902700,1004,2025-06-01,Débit,118610,Web,Bouaké
902701,1247,2025-06-01,Crédit,590975,GAB,Cocody
902702,1041,2025-06-01,Débit,610908,Mobile,Bouaké
902703,1007,2025-06-01,Crédit,472785,GAB,Bouaké
902704,1135,2025-06-01,Débit,674614,Web,Plateau
902705,1076,2025-06-01,Débit,177620,Agence,Cocody
902706,1271,2025-06-01,Crédit,244922,Web,Yopougon
902707,1117,2025-06-01,Crédit,367512,Web,Plateau
902708,1237,2025-06-01,Crédit,671430,GAB,Yopougon
902709,1136,2025-06-01,Débit,329809,GAB,Plateau
902710,1286,2025-06-01,Débit,532918,Mobile,Yopougon
902711,1186,2025-06-01,Crédit,54439,Agence,Bouaké
902712,1131,2025-06-01,Crédit,689532,Mobile,Yopougon
902713,1240,2025-06-01,Crédit,780702,GAB,Cocody
902714,1040,2025-06-01,Débit,151741,GAB,Cocody
902715,1230,2025-06-01,Crédit,568365,Web,Plateau
902716,1231,2025-06-01,Crédit,422484,GAB,Cocody
902717,1151,2025-06-01,Débit,518052,GAB,Plateau
902718,1099,2025-06-01,Crédit,723361,GAB,Plateau
902719,1244,2025-06-01,Crédit,753910,Agence,Plateau
902720,1035,2025-06-01,Crédit,263933,Agence,Yopougon
902721,1169,2025-06-01,Débit,39812,Web,Cocody
902722,1167,2025-06-01,Débit,284723,GAB,Yopougon
902723,1118,2025-06-01,Crédit,17389,Agence,Plateau
902724,1264,2025-06-01,Débit,754894,Web,Bouaké
902725,1243,2025-06-01,Crédit,544165,Agence,Bouaké
902726,1177,2025-06-01,Débit,297399,Mobile,Yopougon
902727,1185,2025-06-01,Crédit,279609,Web,Plateau
902728,1273,2025-06-01,Débit,566072,Mobile,Plateau
902729,1244,2025-06-01,Débit,477211,Agence,Plateau
902730,1165,2025-06-01,Débit,679915,Agence,Cocody
902731,1275,2025-06-01,Crédit,531740,Mobile,Bouaké
902732,1291,2025-06-01,Crédit,619807,GAB,Plateau
902733,1157,2025-06-01,Crédit,509617,GAB,Bouaké
902734,1054,2025-06-01,Crédit,476244,GAB,Yopougon
902735,1193,2025-06-01,Débit,43198,Agence,Bouaké
902736,1130,2025-06-01,Débit,285808,GAB,Cocody
902737,1286,2025-06-01,Débit,626168,Web,Cocody
902738,1267,2025-06-01,Débit,254841,Agence,Cocody
902739,1058,2025-06-01,Crédit,36544,Web,Cocody
902740,1291,2025-06-01,Débit,185777,Agence,Cocody
902741,1086,2025-06-01,Débit,132010,Agence,Plateau
902742,1008,2025-06-01,Débit,246192,GAB,Plateau
902743,1009,2025-06-01,Débit,730263,Web,Bouaké
902744,1223,2025-06-01,Crédit,125181,Agence,Plateau
902745,1261,2025-06-01,Crédit,754591,Web,Plateau
902746,1006,2025-06-01,Débit,314824,GAB,Yopougon
902747,1197,2025-06-01,Débit,307790,Agence,Cocody
902748,1284,2025-06-01,Crédit,339836,GAB,Plateau
902749,1262,2025-06-01,Débit,511030,Mobile,Bouaké
902750,1282,2025-06-01,Débit,209459,Mobile,Yopougon
902751,1210,2025-06-01,Crédit,714132,Agence,Plateau
902752,1002,2025-06-01,Débit,773957,Agence,Bouaké
902753,1207,2025-06-01,Débit,8678,Mobile,Yopougon
902754,1169,2025-06-01,Crédit,463788,Agence,Yopougon
902755,1011,2025-06-01,Débit,462086,Web,Bouaké
902756,1217,2025-06-01,Crédit,101497,Agence,Plateau
902757,1202,2025-06-01,Crédit,318619,Agence,Plateau
902758,1116,2025-06-01,Crédit,6662,Web,Yopougon
902759,1052,2025-06-01,Crédit,648949,Mobile,Bouaké
902760,1022,2025-06-01,Débit,390125,GAB,Bouaké
902761,1215,2025-06-01,Débit,313492,GAB,Bouaké
902762,1274,2025-06-01,Crédit,172044,Web,Bouaké
902763,1008,2025-06-01,Débit,571163,Web,Plateau
902764,1242,2025-06-01,Crédit,649208,Agence,Yopougon
902765,1016,2025-06-01,Crédit,625087,Web,Cocody
902766,1186,2025-06-01,Crédit,86300,Web,Bouaké
902767,1012,2025-06-01,Débit,137649,Agence,Plateau
902768,1068,2025-06-01,Crédit,740620,Mobile,Bouaké
902769,1268,2025-06-01,Débit,403606,Agence,Yopougon
902770,1041,2025-06-01,Débit,604407,Mobile,Cocody
902771,1038,2025-06-01,Crédit,383752,Mobile,Yopougon
902772,1061,2025-06-01,Crédit,515297,Web,Yopougon
902773,1047,2025-06-01,Débit,516996,Mobile,Bouaké
902774,1095,2025-06-01,Débit,106263,GAB,Yopougon
902775,1048,2025-06-01,Crédit,149463,Web,Yopougon
902776,1091,2025-06-01,Débit,152758,Web,Yopougon
902777,1263,2025-06-01,Débit,476103,Agence,Yopougon
902778,1188,2025-06-01,Crédit,143297,Agence,Yopougon
902779,1151,2025-06-01,Crédit,514719,Agence,Yopougon
902780,1223,2025-06-01,Débit,8026,GAB,Cocody
902781,1188,2025-06-01,Crédit,5063,Agence,Plateau
902782,1033,2025-06-01,Crédit,235222,Mobile,Bouaké
902783,1141,2025-06-01,Débit,486671,GAB,Cocody
902784,1070,2025-06-01,Crédit,497833,GAB,Cocody
902785,1287,2025-06-01,Crédit,761148,Mobile,Plateau
902786,1030,2025-06-01,Débit,514057,GAB,Cocody
902787,1135,2025-06-01,Crédit,257046,Agence,Cocody
902788,1215,2025-06-01,Débit,413405,Mobile,Plateau
902789,1247,2025-06-01,Débit,66779,Mobile,Plateau
902790,1047,2025-06-01,Débit,607261,Mobile,Plateau
902791,1092,2025-06-01,Crédit,119512,Agence,Yopougon
902792,1096,2025-06-01,Crédit,89799,Agence,Yopougon
902793,1117,2025-06-01,Crédit,60826,GAB,Cocody
902794,1023,2025-06-01,Débit,489835,Agence,Bouaké
902795,1161,2025-06-01,Débit,9827,Web,Yopougon
902796,1045,2025-06-01,Crédit,594063,Mobile,Yopougon
902797,1117,2025-06-01,Débit,600053,Web,Bouaké
902798,1285,2025-06-01,Débit,437144,Mobile,Cocody
902799,1132,2025-06-01,Crédit,500155,Agence,Bouaké
902800,1046,2025-06-01,Débit,502166,GAB,Yopougon
902801,1276,2025-06-01,Débit,228574,Agence,Plateau
902802,1133,2025-06-01,Crédit,52609,GAB,Yopougon
902803,1288,2025-06-01,Crédit,237552,GAB,Plateau
902804,1240,2025-06-01,Crédit,228698,Mobile,Bouaké
902805,1132,2025-06-01,Débit,358784,GAB,Bouaké
902806,1272,2025-06-01,Débit,430335,Mobile,Bouaké
902807,1020,2025-06-01,Crédit,474557,GAB,Cocody
902808,1129,2025-06-01,Crédit,573267,GAB,Yopougon
902809,1091,2025-06-01,Crédit,243919,Web,Yopougon
902810,1208,2025-06-01,Débit,571432,Agence,Yopougon
902811,1172,2025-06-01,Débit,472157,Web,Yopougon
902812,1026,2025-06-01,Crédit,382598,Web,Yopougon
902813,1181,2025-06-01,Débit,386914,Web,Cocody
902814,1106,2025-06-01,Débit,769607,Agence,Plateau
902815,1277,2025-06-01,Crédit,345317,Agence,Plateau
902816,1253,2025-06-01,Crédit,771110,Agence,Plateau
902817,1120,2025-06-01,Débit,92382,Agence,Bouaké
902818,1260,2025-06-01,Crédit,104357,Agence,Cocody
902819,1169,2025-06-01,Crédit,743364,Web,Bouaké
902820,1028,2025-06-01,Débit,181360,Agence,Bouaké
902821,1190,2025-06-01,Débit,335434,Mobile,Plateau
902822,1091,2025-06-01,Débit,91709,GAB,Cocody
902823,1225,2025-06-01,Crédit,598378,Mobile,Plateau
902824,1006,2025-06-01,Débit,442970,Agence,Plateau
902825,1164,2025-06-01,Débit,358643,GAB,Cocody
902826,1178,2025-06-01,Crédit,466535,Mobile,Plateau
902827,1225,2025-06-01,Crédit,50954,Web,Plateau
902828,1227,2025-06-01,Débit,140408,Web,Plateau
902829,1182,2025-06-01,Crédit,680192,Agence,Cocody
902830,1034,2025-06-01,Débit,15195,Web,Yopougon
902831,1111,2025-06-01,Crédit,761408,Agence,Cocody
902832,1297,2025-06-01,Débit,8150,Mobile,Yopougon
902833,1065,2025-06-01,Débit,229933,Web,Plateau
902834,1260,2025-06-01,Crédit,72538,Agence,Yopougon
902835,1049,2025-06-01,Débit,690707,Mobile,Cocody
902836,1280,2025-06-01,Crédit,367920,GAB,Yopougon
902837,1291,2025-06-01,Crédit,158624,Agence,Yopougon
902838,1199,2025-06-01,Débit,39873,Agence,Bouaké
902839,1250,2025-06-01,Débit,680414,Agence,Bouaké
902840,1293,2025-06-01,Crédit,579093,Agence,Plateau
902841,1280,2025-06-01,Crédit,756964,Web,Bouaké
902842,1135,2025-06-01,Débit,734234,GAB,Bouaké
902843,1257,2025-06-01,Crédit,733118,GAB,Cocody
902844,1100,2025-06-01,Crédit,326657,Mobile,Cocody
902845,1011,2025-06-01,Débit,416702,Web,Bouaké
902846,1194,2025-06-01,Débit,355407,Mobile,Plateau
902847,1112,2025-06-01,Débit,668626,Mobile,Plateau
902848,1038,2025-06-01,Crédit,227839,Web,Yopougon
902849,1131,2025-06-01,Débit,415164,GAB,Yopougon
902850,1055,2025-06-01,Crédit,568335,Mobile,Cocody
902851,1299,2025-06-01,Débit,663229,GAB,Cocody
902852,1113,2025-06-01,Débit,327662,Mobile,Plateau
902853,1036,2025-06-01,Débit,778040,Agence,Plateau
902854,1216,2025-06-01,Débit,378470,GAB,Plateau
902855,1277,2025-06-01,Crédit,540231,Mobile,Cocody
902856,1008,2025-06-01,Débit,127314,Agence,Bouaké
902857,1202,2025-06-01,Crédit,235628,GAB,Plateau
902858,1145,2025-06-01,Crédit,483715,Mobile,Bouaké
902859,1166,2025-06-01,Débit,96988,GAB,Bouaké
902860,1160,2025-06-01,Débit,419440,Agence,Cocody
902861,1124,2025-06-01,Crédit,708632,GAB,Plateau
902862,1073,2025-06-01,Crédit,393019,Mobile,Cocody
902863,1040,2025-06-01,Crédit,489383,Web,Plateau
902864,1065,2025-06-01,Débit,471529,Agence,Plateau
902865,1177,2025-06-01,Débit,241610,Agence,Cocody
902866,1097,2025-06-01,Crédit,739447,GAB,Plateau
902867,1088,2025-06-01,Débit,374698,Agence,Bouaké
902868,1003,2025-06-01,Crédit,598015,Agence,Bouaké
902869,1055,2025-06-01,Débit,532573,Web,Cocody
902870,1275,2025-06-01,Crédit,353458,Agence,Yopougon
902871,1292,2025-06-01,Crédit,728797,Web,Cocody
902872,1049,2025-06-01,Crédit,588021,Agence,Plateau
902873,1174,2025-06-01,Débit,507005,GAB,Plateau
902874,1281,2025-06-01,Crédit,643222,GAB,Bouaké
902875,1089,2025-06-01,Crédit,352811,Mobile,Plateau
902876,1050,2025-06-01,Débit,181288,Web,Cocody
902877,1001,2025-06-01,Débit,191260,GAB,Yopougon
902878,1275,2025-06-01,Débit,660645,GAB,Cocody
902879,1080,2025-06-01,Débit,269201,Agence,Yopougon
902880,1143,2025-06-01,Crédit,297302,GAB,Cocody
902881,1269,2025-06-01,Débit,74246,Web,Yopougon
902882,1296,2025-06-01,Débit,740157,Agence,Cocody
902883,1007,2025-06-01,Débit,42870,GAB,Plateau
902884,1142,2025-06-01,Débit,234656,GAB,Cocody
902885,1225,2025-06-01,Crédit,381622,GAB,Plateau
902886,1125,2025-06-01,Crédit,757722,GAB,Plateau
902887,1067,2025-06-01,Débit,443229,Mobile,Plateau
902888,1209,2025-06-01,Crédit,420102,GAB,Plateau
902889,1030,2025-06-01,Crédit,754991,GAB,Bouaké
902890,1234,2025-06-01,Crédit,378145,Web,Plateau
902891,1276,2025-06-01,Débit,143432,Agence,Plateau
902892,1083,2025-06-01,Débit,440904,Agence,Bouaké
902893,1153,2025-06-01,Crédit,642658,Agence,Cocody
902894,1299,2025-06-01,Débit,130128,Agence,Yopougon
902895,1127,2025-06-01,Crédit,75129,Web,Bouaké
902896,1084,2025-06-01,Débit,600055,Agence,Cocody
902897,1061,2025-06-01,Crédit,515497,Agence,Plateau
902898,1188,2025-06-01,Crédit,589245,Mobile,Bouaké
902899,1202,2025-06-01,Crédit,794727,Agence,Bouaké
902900,1120,2025-06-01,Crédit,165402,Agence,Bouaké
902901,1186,2025-06-01,Crédit,68380,Mobile,Yopougon
902902,1131,2025-06-01,Crédit,692894,Agence,Bouaké
902903,1221,2025-06-01,Crédit,210884,Mobile,Cocody
902904,1116,2025-06-01,Crédit,365489,Agence,Yopougon
902905,1193,2025-06-01,Débit,480650,GAB,Cocody
902906,1087,2025-06-01,Crédit,146232,Web,Plateau
902907,1046,2025-06-01,Crédit,158991,Mobile,Cocody
902908,1211,2025-06-01,Débit,779734,Mobile,Yopougon
902909,1137,2025-06-01,Débit,111338,Agence,Bouaké
902910,1051,2025-06-01,Crédit,159684,GAB,Yopougon
902911,1044,2025-06-01,Crédit,281477,GAB,Cocody
902912,1287,2025-06-01,Crédit,256052,GAB,Yopougon
902913,1236,2025-06-01,Débit,388394,Agence,Yopougon
902914,1273,2025-06-01,Débit,240838,GAB,Yopougon
902915,1104,2025-06-01,Débit,728018,GAB,Plateau
902916,1041,2025-06-01,Crédit,705932,Web,Bouaké
902917,1015,2025-06-01,Crédit,758682,Mobile,Yopougon
902918,1240,2025-06-01,Crédit,728338,Mobile,Bouaké
902919,1170,2025-06-01,Crédit,425873,Mobile,Yopougon
902920,1103,2025-06-01,Crédit,256583,Web,Yopougon
902921,1289,2025-06-01,Crédit,289011,Web,Bouaké
902922,1258,2025-06-01,Crédit,71670,Web,Cocody
902923,1144,2025-06-01,Débit,87919,GAB,Yopougon
902924,1147,2025-06-01,Crédit,28200,Agence,Yopougon
902925,1157,2025-06-01,Débit,363288,GAB,Bouaké
902926,1074,2025-06-01,Crédit,394247,Web,Bouaké
902927,1155,2025-06-01,Crédit,195551,Agence,Cocody
902928,1007,2025-06-01,Crédit,294599,GAB,Cocody
902929,1189,2025-06-01,Débit,283601,GAB,Bouaké
902930,1063,2025-06-01,Crédit,60196,Mobile,Cocody
902931,1127,2025-06-01,Débit,440637,Agence,Yopougon
902932,1163,2025-06-01,Crédit,228861,Agence,Bouaké
902933,1291,2025-06-01,Crédit,235697,Web,Cocody
902934,1054,2025-06-01,Débit,36444,Agence,Bouaké
902935,1272,2025-06-01,Crédit,180124,GAB,Plateau
902936,1041,2025-06-01,Crédit,770344,Web,Plateau
902937,1286,2025-06-01,Crédit,338799,GAB,Cocody
902938,1186,2025-06-01,Crédit,780028,GAB,Bouaké
902939,1259,2025-06-01,Crédit,277379,Mobile,Bouaké
902940,1025,2025-06-01,Débit,526373,GAB,Cocody
902941,1013,2025-06-01,Crédit,363022,GAB,Cocody
902942,1228,2025-06-01,Crédit,479969,GAB,Bouaké
902943,1205,2025-06-01,Crédit,431495,GAB,Cocody
902944,1240,2025-06-01,Débit,121890,Mobile,Plateau
902945,1024,2025-06-01,Crédit,164908,Web,Plateau
902946,1013,2025-06-01,Crédit,346294,Agence,Plateau
902947,1013,2025-06-01,Débit,512348,GAB,Cocody
902948,1034,2025-06-01,Crédit,200358,Mobile,Bouaké
902949,1100,2025-06-01,Débit,451087,Agence,Yopougon
902950,1117,2025-06-01,Débit,233187,Web,Plateau
902951,1254,2025-06-01,Débit,41786,GAB,Plateau
902952,1102,2025-06-01,Crédit,657669,Mobile,Yopougon
902953,1079,2025-06-01,Crédit,189560,Agence,Cocody
902954,1295,2025-06-01,Crédit,263087,Mobile,Cocody
902955,1192,2025-06-01,Crédit,696298,GAB,Cocody
902956,1076,2025-06-01,Débit,163100,Web,Cocody
902957,1098,2025-06-01,Débit,6493,Mobile,Yopougon
902958,1243,2025-06-01,Débit,376236,GAB,Cocody
902959,1117,2025-06-01,Crédit,452554,Agence,Yopougon
902960,1018,2025-06-01,Crédit,421385,Agence,Plateau
902961,1283,2025-06-01,Crédit,52774,GAB,Bouaké
902962,1255,2025-06-01,Débit,535229,GAB,Cocody
902963,1196,2025-06-01,Débit,108463,Agence,Bouaké
902964,1064,2025-06-01,Débit,420682,Agence,Yopougon
902965,1284,2025-06-01,Débit,590394,GAB,Plateau
902966,1253,2025-06-01,Crédit,746816,Mobile,Yopougon
902967,1207,2025-06-01,Crédit,215034,Mobile,Bouaké
902968,1135,2025-06-01,Débit,157199,GAB,Cocody
902969,1079,2025-06-01,Débit,174225,Agence,Plateau
902970,1150,2025-06-01,Crédit,166447,Mobile,Cocody
902971,1095,2025-06-01,Débit,774919,Mobile,Bouaké
902972,1030,2025-06-01,Crédit,196931,Mobile,Cocody
902973,1191,2025-06-01,Débit,413537,GAB,Bouaké
902974,1126,2025-06-01,Débit,684219,Agence,Plateau
902975,1140,2025-06-01,Crédit,721884,Web,Yopougon
902976,1054,2025-06-01,Débit,11619,Web,Yopougon
902977,1118,2025-06-01,Crédit,132952,Mobile,Cocody
902978,1007,2025-06-01,Débit,235426,Web,Cocody
902979,1206,2025-06-01,Débit,538429,Mobile,Bouaké
902980,1118,2025-06-01,Crédit,693758,Mobile,Bouaké
902981,1033,2025-06-01,Crédit,770982,Mobile,Bouaké
902982,1024,2025-06-01,Crédit,338888,Mobile,Plateau
902983,1090,2025-06-01,Débit,391177,Agence,Bouaké
902984,1138,2025-06-01,Débit,86257,Mobile,Yopougon
902985,1220,2025-06-01,Crédit,22728,Agence,Bouaké
902986,1109,2025-06-01,Crédit,477760,Web,Yopougon
902987,1095,2025-06-01,Débit,505338,Agence,Cocody
902988,1010,2025-06-01,Crédit,181923,Web,Cocody
902989,1008,2025-06-01,Débit,658000,Web,Plateau
902990,1070,2025-06-01,Débit,161941,Mobile,Plateau
902991,1104,2025-06-01,Débit,793421,Web,Bouaké
902992,1237,2025-06-01,Crédit,430704,Agence,Bouaké
902993,1111,2025-06-01,Débit,177987,Web,Bouaké
902994,1248,2025-06-01,Débit,88784,GAB,Cocody
902995,1225,2025-06-01,Crédit,712736,Agence,Bouaké
902996,1174,2025-06-01,Crédit,685261,Web,Yopougon
902997,1122,2025-06-01,Débit,666614,Mobile,Cocody
902998,1060,2025-06-01,Débit,665566,Web,Yopougon
902999,1159,2025-06-01,Débit,37377,Mobile,Cocody
903000,1120,2025-06-01,Débit,156762,Agence,Cocody
903001,1062,2025-06-01,Débit,374070,Agence,Yopougon
903002,1249,2025-06-01,Crédit,290514,Mobile,Bouaké
903003,1146,2025-06-01,Crédit,12222,Agence,Plateau
903004,1072,2025-06-01,Crédit,593526,Web,Bouaké
903005,1157,2025-06-01,Crédit,576217,Web,Bouaké
903006,1206,2025-06-01,Crédit,605200,Web,Bouaké
903007,1159,2025-06-01,Débit,445181,GAB,Bouaké
903008,1178,2025-06-01,Crédit,729174,Agence,Yopougon
903009,1170,2025-06-01,Débit,29173,Web,Cocody
903010,1181,2025-06-01,Crédit,737987,GAB,Bouaké
903011,1102,2025-06-01,Débit,622467,Web,Yopougon
903012,1290,2025-06-01,Crédit,651403,GAB,Bouaké
903013,1226,2025-06-01,Débit,120248,Mobile,Cocody
903014,1292,2025-06-01,Crédit,238559,Mobile,Cocody
903015,1026,2025-06-01,Crédit,627397,Web,Plateau
903016,1092,2025-06-01,Crédit,371754,Agence,Cocody
903017,1271,2025-06-01,Débit,490147,Web,Cocody
903018,1219,2025-06-01,Crédit,251174,Agence,Yopougon
903019,1149,2025-06-01,Crédit,646439,Web,Yopougon
903020,1145,2025-06-01,Crédit,694395,Web,Cocody
903021,1153,2025-06-01,Crédit,795331,Mobile,Yopougon
903022,1114,2025-06-01,Crédit,748478,Mobile,Plateau
903023,1157,2025-06-01,Débit,419734,GAB,Cocody
903024,1133,2025-06-01,Crédit,611411,Web,Yopougon
903025,1116,2025-06-01,Crédit,434830,Mobile,Plateau
903026,1270,2025-06-01,Débit,158201,GAB,Plateau
903027,1169,2025-06-01,Crédit,139536,Web,Cocody
903028,1295,2025-06-01,Crédit,109604,GAB,Cocody
903029,1054,2025-06-01,Débit,603744,Web,Cocody
903030,1032,2025-06-01,Débit,125736,Web,Plateau
903031,1246,2025-06-01,Crédit,320997,Mobile,Cocody
903032,1147,2025-06-01,Crédit,393543,Mobile,Bouaké
903033,1300,2025-06-01,Débit,136765,Agence,Cocody
903034,1006,2025-06-01,Débit,321430,Mobile,Bouaké
903035,1156,2025-06-01,Crédit,72201,GAB,Cocody
903036,1291,2025-06-01,Débit,33716,GAB,Yopougon
903037,1055,2025-06-01,Débit,125375,GAB,Bouaké
903038,1171,2025-06-01,Crédit,378543,Web,Cocody
903039,1170,2025-06-01,Crédit,663510,Web,Plateau
903040,1285,2025-06-01,Crédit,87713,GAB,Plateau
903041,1134,2025-06-01,Crédit,584391,Mobile,Cocody
903042,1133,2025-06-01,Crédit,420811,Web,Cocody
903043,1044,2025-06-01,Débit,238646,Mobile,Plateau
903044,1105,2025-06-01,Crédit,197484,GAB,Bouaké
903045,1081,2025-06-01,Débit,40112,GAB,Cocody
903046,1159,2025-06-01,Crédit,311975,GAB,Yopougon
903047,1209,2025-06-01,Débit,692890,Agence,Plateau
903048,1155,2025-06-01,Débit,700505,Web,Bouaké
903049,1259,2025-06-01,Crédit,571516,Agence,Plateau
903050,1283,2025-06-01,Crédit,750281,GAB,Yopougon
903051,1196,2025-06-01,Débit,165422,Agence,Bouaké
903052,1225,2025-06-01,Crédit,72540,Web,Yopougon
903053,1097,2025-06-01,Débit,321772,GAB,Yopougon
903054,1030,2025-06-01,Débit,244474,Mobile,Plateau
903055,1084,2025-06-01,Débit,591242,Mobile,Bouaké
903056,1201,2025-06-01,Crédit,194974,Web,Yopougon
903057,1082,2025-06-01,Débit,215807,GAB,Cocody
903058,1120,2025-06-01,Débit,147912,Agence,Cocody
903059,1170,2025-06-01,Crédit,606480,Agence,Cocody
903060,1105,2025-06-01,Débit,245880,Agence,Cocody
903061,1102,2025-06-01,Crédit,433124,Web,Bouaké
903062,1035,2025-06-01,Débit,707889,Web,Bouaké
903063,1187,2025-06-01,Débit,463793,Web,Cocody
903064,1245,2025-06-01,Crédit,792379,Mobile,Cocody
903065,1030,2025-06-01,Débit,296497,Mobile,Cocody
903066,1029,2025-06-01,Débit,186447,GAB,Yopougon
903067,1250,2025-06-01,Débit,251402,Agence,Cocody
903068,1139,2025-06-01,Débit,53933,GAB,Yopougon
903069,1235,2025-06-01,Débit,614775,Agence,Plateau
903070,1233,2025-06-01,Débit,176344,GAB,Yopougon
903071,1027,2025-06-01,Crédit,66330,Web,Bouaké
903072,1133,2025-06-01,Crédit,770090,Agence,Bouaké
903073,1254,2025-06-01,Crédit,278101,Web,Plateau
903074,1094,2025-06-01,Crédit,57477,Web,Yopougon
903075,1278,2025-06-01,Débit,567899,Web,Cocody
903076,1241,2025-06-01,Débit,360968,Agence,Cocody
903077,1080,2025-06-01,Crédit,632884,Agence,Yopougon
903078,1198,2025-06-01,Crédit,564705,Mobile,Yopougon
903079,1260,2025-06-01,Débit,264423,Web,Cocody
903080,1097,2025-06-01,Crédit,606257,Agence,Cocody
903081,1052,2025-06-01,Débit,93642,Agence,Plateau
903082,1062,2025-06-01,Crédit,543457,Agence,Cocody
903083,1178,2025-06-01,Crédit,783826,Agence,Plateau
903084,1233,2025-06-01,Débit,513277,Mobile,Plateau
903085,1116,2025-06-01,Débit,374645,Agence,Yopougon
903086,1182,2025-06-01,Débit,632234,Mobile,Plateau
903087,1253,2025-06-01,Débit,186050,GAB,Cocody
903088,1253,2025-06-01,Crédit,789794,Mobile,Cocody
903089,1113,2025-06-01,Crédit,195618,GAB,Plateau
903090,1185,2025-06-01,Crédit,161923,GAB,Plateau
903091,1193,2025-06-01,Débit,400191,Mobile,Yopougon
903092,1196,2025-06-01,Débit,209785,Agence,Cocody
903093,1104,2025-06-01,Crédit,313729,Mobile,Bouaké
903094,1010,2025-06-01,Crédit,531598,Web,Yopougon
903095,1007,2025-06-01,Crédit,492194,Agence,Cocody
903096,1006,2025-06-01,Crédit,648668,Web,Yopougon
903097,1037,2025-06-01,Crédit,203670,Web,Bouaké
903098,1132,2025-06-01,Débit,421558,Web,Cocody
903099,1082,2025-06-01,Crédit,439230,GAB,Yopougon
903100,1095,2025-06-01,Crédit,527199,Web,Yopougon
903101,1088,2025-06-01,Débit,381116,GAB,Plateau
903102,1215,2025-06-01,Débit,423767,Mobile,Plateau
903103,1073,2025-06-01,Débit,34126,Mobile,Cocody
903104,1078,2025-06-01,Crédit,127710,Agence,Yopougon
903105,1211,2025-06-01,Débit,49083,GAB,Yopougon
903106,1162,2025-06-01,Crédit,248889,Web,Cocody
903107,1238,2025-06-01,Débit,682120,Web,Cocody
903108,1152,2025-06-01,Débit,49821,Web,Bouaké
903109,1039,2025-06-01,Crédit,700463,Mobile,Plateau
903110,1283,2025-06-01,Crédit,106812,GAB,Cocody
903111,1055,2025-06-01,Débit,691504,Agence,Plateau
903112,1140,2025-06-01,Débit,743588,GAB,Plateau
903113,1043,2025-06-01,Débit,164215,Agence,Cocody
903114,1040,2025-06-01,Crédit,790575,Mobile,Plateau
903115,1191,2025-06-01,Débit,461592,Web,Bouaké
903116,1206,2025-06-01,Crédit,13845,Agence,Plateau
903117,1272,2025-06-01,Crédit,279877,Agence,Bouaké
903118,1159,2025-06-01,Crédit,791512,GAB,Plateau
903119,1022,2025-06-01,Crédit,191291,Web,Bouaké
903120,1269,2025-06-01,Crédit,261431,Mobile,Yopougon
903121,1199,2025-06-01,Crédit,300456,Web,Yopougon
903122,1061,2025-06-01,Crédit,764400,GAB,Cocody
903123,1152,2025-06-01,Débit,122223,GAB,Bouaké
903124,1075,2025-06-01,Débit,83751,GAB,Cocody
903125,1009,2025-06-01,Crédit,728703,Agence,Plateau
903126,1146,2025-06-01,Débit,646449,Mobile,Cocody
903127,1058,2025-06-01,Crédit,773332,Web,Plateau
903128,1047,2025-06-01,Crédit,649871,Web,Cocody
903129,1209,2025-06-01,Crédit,608316,Agence,Cocody
903130,1264,2025-06-01,Débit,121280,Agence,Plateau
903131,1113,2025-06-01,Crédit,447759,Web,Plateau
903132,1087,2025-06-01,Débit,70418,Agence,Yopougon
903133,1101,2025-06-01,Débit,570435,Mobile,Cocody
903134,1279,2025-06-01,Crédit,202711,Agence,Plateau
903135,1165,2025-06-01,Débit,347504,GAB,Yopougon
903136,1126,2025-06-01,Débit,581542,Agence,Yopougon
903137,1284,2025-06-01,Débit,443231,GAB,Plateau
903138,1031,2025-06-01,Crédit,422446,Web,Cocody
903139,1235,2025-06-01,Crédit,260921,GAB,Cocody
903140,1285,2025-06-01,Débit,530967,Web,Cocody
903141,1110,2025-06-01,Crédit,432304,Agence,Yopougon
903142,1059,2025-06-01,Crédit,190632,Web,Bouaké
903143,1054,2025-06-01,Débit,460138,Mobile,Plateau
903144,1001,2025-06-01,Débit,204095,GAB,Cocody
903145,1103,2025-06-01,Débit,756720,GAB,Plateau
903146,1277,2025-06-01,Débit,371296,GAB,Bouaké
903147,1033,2025-06-01,Crédit,346171,Agence,Bouaké
903148,1247,2025-06-01,Crédit,409375,Agence,Plateau
903149,1217,2025-06-01,Crédit,615272,GAB,Plateau
903150,1276,2025-06-01,Débit,690967,Mobile,Cocody
903151,1039,2025-06-01,Débit,494778,Web,Bouaké
903152,1060,2025-06-01,Crédit,532609,Agence,Yopougon
903153,1215,2025-06-01,Débit,572298,Mobile,Yopougon
903154,1255,2025-06-01,Débit,775099,Agence,Cocody
903155,1201,2025-06-01,Crédit,391546,Web,Bouaké
903156,1088,2025-06-01,Crédit,607665,Agence,Cocody
903157,1166,2025-06-01,Crédit,219056,Mobile,Cocody
903158,1176,2025-06-01,Crédit,239373,Mobile,Bouaké
903159,1005,2025-06-01,Crédit,779031,Mobile,Cocody
903160,1297,2025-06-01,Débit,471670,Mobile,Bouaké
903161,1074,2025-06-01,Crédit,448601,Mobile,Plateau
903162,1225,2025-06-01,Crédit,512962,Agence,Plateau
903163,1284,2025-06-01,Crédit,326906,Web,Yopougon
903164,1287,2025-06-01,Crédit,723886,Mobile,Bouaké
903165,1142,2025-06-01,Débit,538786,GAB,Yopougon
903166,1058,2025-06-01,Crédit,489487,GAB,Yopougon
903167,1235,2025-06-01,Crédit,221277,Web,Plateau
903168,1195,2025-06-01,Crédit,617661,Agence,Yopougon
903169,1149,2025-06-01,Crédit,15356,GAB,Bouaké
903170,1006,2025-06-01,Crédit,184203,Agence,Plateau
903171,1084,2025-06-01,Crédit,151319,Web,Plateau
903172,1204,2025-06-01,Crédit,308959,Agence,Plateau
903173,1279,2025-06-01,Débit,288702,Mobile,Yopougon
903174,1267,2025-06-01,Débit,237196,Agence,Cocody
903175,1022,2025-06-01,Crédit,510903,Mobile,Cocody
903176,1243,2025-06-01,Crédit,784629,Agence,Yopougon
903177,1213,2025-06-01,Débit,20276,GAB,Bouaké
903178,1190,2025-06-01,Débit,54538,Agence,Cocody
903179,1024,2025-06-01,Crédit,760188,Web,Bouaké
903180,1053,2025-06-01,Crédit,681383,GAB,Plateau
903181,1184,2025-06-01,Crédit,312006,Agence,Yopougon
903182,1290,2025-06-01,Débit,464564,Mobile,Bouaké
903183,1230,2025-06-01,Débit,532070,Web,Plateau
903184,1061,2025-06-01,Crédit,174864,Web,Plateau
903185,1016,2025-06-01,Débit,666675,GAB,Bouaké
903186,1191,2025-06-01,Débit,54917,GAB,Yopougon
903187,1152,2025-06-01,Crédit,269309,GAB,Plateau
903188,1202,2025-06-01,Crédit,292581,Mobile,Bouaké
903189,1287,2025-06-01,Crédit,397403,GAB,Yopougon
903190,1020,2025-06-01,Crédit,153649,GAB,Plateau
903191,1166,2025-06-01,Crédit,645975,Web,Bouaké
903192,1071,2025-06-01,Crédit,451137,GAB,Cocody
903193,1093,2025-06-01,Débit,643570,Agence,Yopougon
903194,1121,2025-06-01,Débit,671057,Mobile,Bouaké
903195,1016,2025-06-01,Crédit,528138,Mobile,Bouaké
903196,1200,2025-06-01,Crédit,572472,Mobile,Yopougon
903197,1191,2025-06-01,Débit,634965,Web,Yopougon
903198,1088,2025-06-01,Débit,248018,GAB,Yopougon
903199,1004,2025-06-01,Crédit,90810,GAB,Yopougon
903200,1171,2025-06-01,Crédit,233758,Agence,Cocody
903201,1029,2025-06-01,Débit,782018,GAB,Bouaké
903202,1066,2025-06-01,Débit,100844,Agence,Bouaké
903203,1122,2025-06-01,Débit,669070,Web,Bouaké
903204,1081,2025-06-01,Crédit,288849,GAB,Yopougon
903205,1285,2025-06-01,Crédit,751969,Mobile,Yopougon
903206,1088,2025-06-01,Débit,617846,Mobile,Cocody
903207,1178,2025-06-01,Débit,752427,Mobile,Plateau
903208,1208,2025-06-01,Débit,531759,Mobile,Bouaké
903209,1189,2025-06-01,Débit,475419,Agence,Plateau
903210,1173,2025-06-01,Débit,559794,Agence,Yopougon
903211,1158,2025-06-01,Débit,275874,Web,Bouaké
903212,1158,2025-06-01,Crédit,499525,GAB,Yopougon
903213,1110,2025-06-01,Crédit,153002,Mobile,Bouaké
903214,1271,2025-06-01,Crédit,122582,Web,Plateau
903215,1183,2025-06-01,Crédit,741444,Web,Cocody
903216,1134,2025-06-01,Crédit,637327,GAB,Plateau
903217,1171,2025-06-01,Débit,517051,Agence,Cocody
903218,1100,2025-06-01,Débit,560589,GAB,Bouaké
903219,1043,2025-06-01,Débit,726819,GAB,Cocody
903220,1267,2025-06-01,Débit,452871,Agence,Bouaké
903221,1260,2025-06-01,Débit,588864,Agence,Yopougon
903222,1090,2025-06-01,Crédit,574696,Web,Cocody
903223,1005,2025-06-01,Crédit,586804,Web,Cocody
903224,1162,2025-06-01,Débit,333687,GAB,Plateau
903225,1228,2025-06-01,Crédit,433441,Mobile,Cocody
903226,1168,2025-06-01,Débit,511075,Agence,Plateau
903227,1263,2025-06-01,Débit,378545,Web,Bouaké
903228,1097,2025-06-01,Crédit,297779,Web,Bouaké
903229,1045,2025-06-01,Crédit,469197,Web,Cocody
903230,1204,2025-06-01,Débit,330469,GAB,Cocody
903231,1203,2025-06-01,Débit,621206,Mobile,Bouaké
903232,1221,2025-06-01,Crédit,363041,Agence,Plateau
903233,1019,2025-06-01,Débit,55566,Mobile,Bouaké
903234,1117,2025-06-01,Débit,562099,GAB,Yopougon
903235,1084,2025-06-01,Débit,743482,Agence,Bouaké
903236,1268,2025-06-01,Crédit,306454,GAB,Yopougon
903237,1200,2025-06-01,Crédit,776880,Mobile,Bouaké
903238,1299,2025-06-01,Crédit,464318,GAB,Yopougon
903239,1252,2025-06-01,Crédit,670960,Mobile,Cocody
903240,1266,2025-06-01,Débit,626109,Agence,Cocody
903241,1074,2025-06-01,Débit,467534,Web,Plateau
903242,1071,2025-06-01,Crédit,559504,GAB,Bouaké
903243,1042,2025-06-01,Crédit,20087,Mobile,Yopougon
903244,1135,2025-06-01,Crédit,108684,Mobile,Cocody
903245,1218,2025-06-01,Crédit,172642,Web,Plateau
903246,1043,2025-06-01,Débit,766391,GAB,Plateau
903247,1108,2025-06-01,Crédit,793513,Web,Plateau
903248,1042,2025-06-01,Débit,644374,Web,Plateau
903249,1141,2025-06-01,Crédit,609438,Agence,Plateau
903250,1294,2025-06-01,Débit,115484,Web,Bouaké
903251,1296,2025-06-01,Débit,393399,Mobile,Cocody
903252,1287,2025-06-01,Crédit,448504,GAB,Cocody
903253,1192,2025-06-01,Débit,663510,Mobile,Plateau
903254,1238,2025-06-01,Débit,706430,Mobile,Cocody
903255,1065,2025-06-01,Crédit,25945,Agence,Plateau
903256,1295,2025-06-01,Débit,617885,Agence,Plateau
903257,1128,2025-06-01,Débit,606363,Web,Yopougon
903258,1069,2025-06-01,Crédit,371542,Agence,Cocody
903259,1219,2025-06-01,Débit,606848,Agence,Yopougon
903260,1274,2025-06-01,Débit,531687,Agence,Plateau
903261,1146,2025-06-01,Crédit,68959,GAB,Yopougon
903262,1109,2025-06-01,Crédit,221619,Web,Plateau
903263,1176,2025-06-01,Crédit,220630,Web,Bouaké
903264,1072,2025-06-01,Crédit,87696,GAB,Yopougon
903265,1261,2025-06-01,Crédit,600958,GAB,Cocody
903266,1181,2025-06-01,Débit,653735,Agence,Plateau
903267,1171,2025-06-01,Crédit,792769,Web,Plateau
903268,1188,2025-06-01,Crédit,477239,GAB,Plateau
903269,1172,2025-06-01,Crédit,398817,GAB,Bouaké
903270,1291,2025-06-01,Débit,379413,Mobile,Plateau
903271,1052,2025-06-01,Crédit,309272,GAB,Bouaké
903272,1022,2025-06-01,Débit,537737,GAB,Bouaké
903273,1249,2025-06-01,Débit,484131,Agence,Cocody
903274,1279,2025-06-01,Crédit,686738,Web,Bouaké
903275,1003,2025-06-01,Crédit,266487,Mobile,Cocody
903276,1267,2025-06-01,Débit,401058,Mobile,Yopougon
903277,1036,2025-06-01,Crédit,85261,Agence,Plateau
903278,1237,2025-06-01,Crédit,670432,GAB,Yopougon
903279,1275,2025-06-01,Crédit,434491,Mobile,Plateau
903280,1192,2025-06-01,Débit,44293,GAB,Plateau
903281,1070,2025-06-01,Crédit,229388,Agence,Yopougon
903282,1074,2025-06-01,Crédit,445085,GAB,Bouaké
903283,1069,2025-06-01,Débit,281087,Mobile,Yopougon
903284,1233,2025-06-01,Débit,559558,GAB,Yopougon
903285,1109,2025-06-01,Débit,608292,Web,Plateau
903286,1215,2025-06-01,Crédit,426665,Mobile,Plateau
903287,1292,2025-06-01,Débit,186543,Mobile,Bouaké
903288,1139,2025-06-01,Crédit,796044,Mobile,Plateau
903289,1122,2025-06-01,Crédit,568753,Web,Cocody
903290,1252,2025-06-01,Débit,480542,Mobile,Cocody
903291,1011,2025-06-01,Crédit,584648,Agence,Plateau
903292,1197,2025-06-01,Crédit,760858,Agence,Cocody
903293,1157,2025-06-01,Débit,624338,Agence,Bouaké
903294,1106,2025-06-01,Crédit,469715,Mobile,Cocody
903295,1120,2025-06-01,Débit,429361,Mobile,Bouaké
903296,1231,2025-06-01,Débit,268264,Agence,Cocody
903297,1005,2025-06-01,Débit,657936,Agence,Yopougon
903298,1099,2025-06-01,Crédit,29318,GAB,Cocody
903299,1203,2025-06-01,Débit,370618,Mobile,Cocody
903300,1021,2025-06-01,Crédit,76114,GAB,Cocody
903301,1044,2025-06-01,Débit,764338,Mobile,Bouaké
903302,1237,2025-06-01,Débit,12678,Mobile,Yopougon
903303,1034,2025-06-01,Débit,64346,Web,Yopougon
903304,1052,2025-06-01,Débit,172311,Mobile,Yopougon
903305,1123,2025-06-01,Débit,67387,Web,Yopougon
903306,1051,2025-06-01,Débit,156202,Mobile,Bouaké
903307,1015,2025-06-01,Crédit,163359,Web,Yopougon
903308,1295,2025-06-01,Crédit,219628,GAB,Cocody
903309,1192,2025-06-01,Débit,525103,Mobile,Cocody
903310,1095,2025-06-01,Crédit,19668,Mobile,Cocody
903311,1089,2025-06-01,Crédit,109520,Agence,Plateau
903312,1019,2025-06-01,Débit,325317,Web,Bouaké
903313,1051,2025-06-01,Crédit,230561,Agence,Bouaké
903314,1007,2025-06-01,Débit,577685,Web,Bouaké
903315,1087,2025-06-01,Débit,163803,Agence,Plateau
903316,1172,2025-06-01,Débit,414913,Web,Cocody
903317,1036,2025-06-01,Crédit,211143,Web,Plateau
903318,1006,2025-06-01,Crédit,492426,Web,Yopougon
903319,1016,2025-06-01,Débit,105432,Web,Cocody
903320,1070,2025-06-01,Crédit,595438,Agence,Plateau
903321,1237,2025-06-01,Débit,650226,Web,Plateau
903322,1098,2025-06-01,Débit,691134,Web,Cocody
903323,1083,2025-06-01,Débit,119459,GAB,Bouaké
903324,1290,2025-06-01,Débit,784348,Web,Plateau
903325,1200,2025-06-01,Crédit,154458,GAB,Plateau
903326,1013,2025-06-01,Crédit,336573,Mobile,Bouaké
903327,1058,2025-06-01,Crédit,121349,GAB,Plateau
903328,1243,2025-06-01,Débit,481879,Mobile,Yopougon
903329,1126,2025-06-01,Crédit,61406,GAB,Cocody
903330,1155,2025-06-01,Crédit,143144,GAB,Yopougon
903331,1074,2025-06-01,Débit,684420,Web,Plateau
903332,1074,2025-06-01,Crédit,194880,GAB,Yopougon
903333,1043,2025-06-01,Débit,773153,Agence,Yopougon
903334,1157,2025-06-01,Crédit,502507,GAB,Bouaké
903335,1012,2025-06-01,Débit,712162,GAB,Bouaké
903336,1181,2025-06-01,Crédit,103957,GAB,Cocody
903337,1241,2025-06-01,Crédit,87735,Web,Yopougon
903338,1286,2025-06-01,Débit,715019,GAB,Yopougon
903339,1177,2025-06-01,Crédit,617731,Mobile,Plateau
903340,1196,2025-06-01,Débit,142796,Agence,Plateau
903341,1295,2025-06-01,Débit,340197,Agence,Cocody
903342,1221,2025-06-01,Crédit,799241,Mobile,Bouaké
903343,1131,2025-06-01,Crédit,588010,Web,Bouaké
903344,1065,2025-06-01,Débit,491129,Web,Plateau
903345,1005,2025-06-01,Crédit,332115,Web,Yopougon
903346,1013,2025-06-01,Débit,464613,Agence,Plateau
903347,1293,2025-06-01,Débit,519531,Mobile,Cocody
903348,1044,2025-06-01,Crédit,320386,Agence,Plateau
903349,1207,2025-06-01,Débit,417130,GAB,Cocody
903350,1167,2025-06-01,Débit,297135,Mobile,Bouaké
903351,1139,2025-06-01,Crédit,45970,GAB,Plateau
903352,1115,2025-06-01,Crédit,339035,Mobile,Bouaké
903353,1096,2025-06-01,Débit,754119,Agence,Cocody
903354,1034,2025-06-01,Débit,213983,Web,Cocody
903355,1008,2025-06-01,Crédit,349827,Agence,Cocody
903356,1112,2025-06-01,Débit,68920,Agence,Plateau
903357,1281,2025-06-01,Crédit,265746,Mobile,Bouaké
903358,1233,2025-06-01,Débit,627585,Agence,Plateau
903359,1002,2025-06-01,Débit,132211,Mobile,Plateau
903360,1208,2025-06-01,Débit,29266,Agence,Bouaké
903361,1291,2025-06-01,Débit,251517,GAB,Bouaké
903362,1104,2025-06-01,Crédit,783215,Web,Plateau
903363,1199,2025-06-01,Débit,573094,Mobile,Yopougon
903364,1279,2025-06-01,Débit,579214,Web,Bouaké
903365,1133,2025-06-01,Crédit,261842,Agence,Plateau
903366,1012,2025-06-01,Crédit,722537,GAB,Cocody
903367,1223,2025-06-01,Débit,106482,GAB,Bouaké
903368,1043,2025-06-01,Débit,553815,Agence,Yopougon
903369,1048,2025-06-01,Crédit,733029,Mobile,Yopougon
903370,1257,2025-06-01,Débit,606181,Mobile,Cocody
903371,1010,2025-06-01,Débit,671812,Mobile,Plateau
903372,1036,2025-06-01,Crédit,218336,Mobile,Cocody
903373,1143,2025-06-01,Crédit,436086,Agence,Bouaké
903374,1165,2025-06-01,Crédit,607673,Mobile,Yopougon
903375,1298,2025-06-01,Crédit,429067,Web,Bouaké
903376,1076,2025-06-01,Débit,105129,Agence,Cocody
903377,1137,2025-06-01,Débit,151044,Agence,Cocody
903378,1071,2025-06-01,Débit,543274,Web,Yopougon
903379,1001,2025-06-01,Débit,415079,GAB,Plateau
903380,1272,2025-06-01,Crédit,530123,Agence,Bouaké
903381,1135,2025-06-01,Crédit,147546,Web,Cocody
903382,1184,2025-06-01,Débit,436579,Mobile,Cocody
903383,1114,2025-06-01,Crédit,481508,Agence,Plateau
903384,1151,2025-06-01,Débit,172216,Agence,Cocody
903385,1283,2025-06-01,Crédit,117389,Agence,Bouaké
903386,1036,2025-06-01,Débit,667224,Mobile,Yopougon
903387,1290,2025-06-01,Débit,305799,Web,Plateau
903388,1017,2025-06-01,Débit,492219,GAB,Cocody
903389,1029,2025-06-01,Crédit,452186,Web,Plateau
903390,1028,2025-06-01,Débit,138994,GAB,Cocody
903391,1235,2025-06-01,Débit,36063,Agence,Cocody
903392,1103,2025-06-01,Débit,600379,Web,Plateau
903393,1180,2025-06-01,Débit,136169,Agence,Yopougon
903394,1273,2025-06-01,Crédit,17088,Web,Bouaké
903395,1223,2025-06-01,Crédit,240288,Mobile,Yopougon
903396,1196,2025-06-01,Débit,325299,GAB,Cocody
903397,1226,2025-06-01,Crédit,234389,Mobile,Bouaké
903398,1013,2025-06-01,Débit,657255,Agence,Yopougon
903399,1122,2025-06-01,Débit,388727,Web,Cocody
903400,1159,2025-06-01,Crédit,161133,Mobile,Cocody
903401,1180,2025-06-01,Crédit,92109,Web,Bouaké
903402,1274,2025-06-01,Débit,176108,Mobile,Plateau
903403,1065,2025-06-01,Crédit,705635,GAB,Bouaké
903404,1232,2025-06-01,Débit,539131,Web,Bouaké
903405,1199,2025-06-01,Crédit,737734,Web,Cocody
903406,1067,2025-06-01,Crédit,85308,Web,Bouaké
903407,1280,2025-06-01,Crédit,540441,Mobile,Yopougon
903408,1243,2025-06-01,Crédit,89430,GAB,Plateau
903409,1107,2025-06-01,Crédit,20775,Agence,Bouaké
903410,1056,2025-06-01,Crédit,529915,Web,Yopougon
903411,1075,2025-06-01,Débit,251723,Mobile,Yopougon
903412,1108,2025-06-01,Crédit,61253,Mobile,Bouaké
903413,1194,2025-06-01,Débit,120828,GAB,Plateau
903414,1173,2025-06-01,Crédit,270056,Mobile,Cocody
903415,1183,2025-06-01,Crédit,607755,GAB,Plateau
903416,1205,2025-06-01,Crédit,301804,Agence,Plateau
903417,1052,2025-06-01,Crédit,210064,Agence,Cocody
903418,1238,2025-06-01,Débit,7643,Web,Cocody
903419,1158,2025-06-01,Débit,358750,Mobile,Cocody
903420,1034,2025-06-01,Crédit,620185,Web,Plateau
903421,1208,2025-06-01,Crédit,277284,Agence,Yopougon
903422,1051,2025-06-01,Débit,50867,GAB,Plateau
903423,1083,2025-06-01,Crédit,331109,GAB,Yopougon
903424,1043,2025-06-01,Débit,264139,Agence,Plateau
903425,1206,2025-06-01,Débit,331060,Web,Plateau
903426,1123,2025-06-01,Crédit,154188,Agence,Bouaké
903427,1028,2025-06-01,Débit,217478,GAB,Plateau
903428,1104,2025-06-01,Débit,628561,Web,Plateau
903429,1042,2025-06-01,Débit,294430,Agence,Plateau
903430,1108,2025-06-01,Crédit,502909,Agence,Cocody
903431,1055,2025-06-01,Crédit,788850,Agence,Bouaké
903432,1285,2025-06-01,Crédit,52801,Agence,Bouaké
903433,1080,2025-06-01,Crédit,721956,Agence,Yopougon
903434,1051,2025-06-01,Crédit,672033,Web,Yopougon
903435,1187,2025-06-01,Débit,664225,Agence,Plateau
903436,1106,2025-06-01,Crédit,362277,GAB,Yopougon
903437,1272,2025-06-01,Débit,745471,Agence,Plateau
903438,1242,2025-06-01,Débit,590222,Web,Plateau
903439,1242,2025-06-01,Débit,495714,Agence,Cocody
903440,1240,2025-06-01,Débit,440685,Agence,Bouaké
903441,1015,2025-06-01,Débit,650471,Web,Cocody
903442,1067,2025-06-01,Débit,714724,Web,Yopougon
903443,1247,2025-06-01,Crédit,131473,GAB,Bouaké
903444,1174,2025-06-01,Débit,47276,Web,Bouaké
903445,1287,2025-06-01,Débit,12312,GAB,Yopougon
903446,1281,2025-06-01,Débit,711463,Mobile,Yopougon
903447,1239,2025-06-01,Débit,20446,GAB,Yopougon
903448,1151,2025-06-01,Débit,146508,GAB,Bouaké
903449,1096,2025-06-01,Débit,132445,Web,Plateau
903450,1197,2025-06-01,Crédit,583275,Mobile,Bouaké
903451,1133,2025-06-01,Crédit,703751,Web,Plateau
903452,1200,2025-06-01,Crédit,720380,Mobile,Plateau
903453,1224,2025-06-01,Débit,262853,Mobile,Cocody
903454,1046,2025-06-01,Crédit,62586,Agence,Bouaké
903455,1153,2025-06-01,Débit,412261,Agence,Plateau
903456,1246,2025-06-01,Débit,233155,GAB,Yopougon
903457,1024,2025-06-01,Crédit,169144,Mobile,Cocody
903458,1058,2025-06-01,Débit,610958,GAB,Yopougon
903459,1278,2025-06-01,Crédit,532841,Agence,Cocody
903460,1013,2025-06-01,Débit,321069,Agence,Bouaké
903461,1039,2025-06-01,Débit,336761,GAB,Plateau
903462,1076,2025-06-01,Débit,391191,Agence,Bouaké
903463,1244,2025-06-01,Crédit,754005,Web,Yopougon
903464,1207,2025-06-01,Débit,247313,Mobile,Cocody
903465,1159,2025-06-01,Débit,103012,Agence,Yopougon
903466,1009,2025-06-01,Débit,294550,Web,Bouaké
903467,1133,2025-06-01,Débit,519414,Web,Plateau
903468,1164,2025-06-01,Crédit,263769,Mobile,Yopougon
903469,1057,2025-06-01,Débit,577531,Agence,Bouaké
903470,1253,2025-06-01,Crédit,108264,GAB,Cocody
903471,1191,2025-06-01,Crédit,536302,Agence,Yopougon
903472,1186,2025-06-01,Crédit,167282,Web,Plateau
903473,1237,2025-06-01,Débit,243113,Web,Plateau
903474,1079,2025-06-01,Crédit,311937,Web,Yopougon
903475,1144,2025-06-01,Crédit,490046,Web,Cocody
903476,1019,2025-06-01,Crédit,72798,Web,Plateau
903477,1014,2025-06-01,Crédit,218463,Agence,Bouaké
903478,1063,2025-06-01,Crédit,407940,Mobile,Bouaké
903479,1273,2025-06-01,Débit,509526,Agence,Cocody
903480,1051,2025-06-01,Crédit,338499,Mobile,Cocody
903481,1272,2025-06-01,Débit,199733,Web,Yopougon
903482,1038,2025-06-01,Crédit,532700,Mobile,Bouaké
903483,1093,2025-06-01,Crédit,57230,GAB,Cocody
903484,1171,2025-06-01,Crédit,793257,Web,Bouaké
903485,1076,2025-06-01,Crédit,199968,Mobile,Plateau
903486,1230,2025-06-01,Crédit,454430,Mobile,Cocody
903487,1006,2025-06-01,Crédit,689408,Web,Cocody
903488,1074,2025-06-01,Crédit,75881,GAB,Yopougon
903489,1107,2025-06-01,Crédit,504004,Web,Cocody
903490,1184,2025-06-01,Débit,233472,Web,Bouaké
903491,1027,2025-06-01,Crédit,709456,Agence,Yopougon
903492,1265,2025-06-01,Crédit,625045,GAB,Cocody
903493,1030,2025-06-01,Crédit,393514,GAB,Yopougon
903494,1004,2025-06-01,Crédit,31633,GAB,Bouaké
903495,1103,2025-06-01,Crédit,783256,Agence,Yopougon
903496,1231,2025-06-01,Crédit,274874,Agence,Yopougon
903497,1099,2025-06-01,Crédit,436482,Web,Plateau
903498,1243,2025-06-01,Crédit,529090,Mobile,Yopougon
903499,1131,2025-06-01,Débit,462529,Agence,Plateau
903500,1124,2025-06-01,Crédit,159311,GAB,Bouaké
903501,1108,2025-06-01,Crédit,790990,GAB,Bouaké
903502,1106,2025-06-01,Débit,67533,GAB,Cocody
903503,1076,2025-06-01,Crédit,113304,Agence,Plateau
903504,1238,2025-06-01,Crédit,687883,Web,Bouaké
903505,1062,2025-06-01,Crédit,116786,Web,Cocody
903506,1030,2025-06-01,Crédit,170270,Mobile,Plateau
903507,1148,2025-06-01,Crédit,584324,Web,Cocody
903508,1017,2025-06-01,Crédit,189257,Agence,Bouaké
903509,1297,2025-06-01,Débit,222401,GAB,Cocody
903510,1016,2025-06-01,Débit,788157,Web,Plateau
903511,1049,2025-06-01,Crédit,198341,Web,Yopougon
903512,1254,2025-06-01,Débit,68491,Web,Plateau
903513,1037,2025-06-01,Crédit,492119,Agence,Cocody
903514,1042,2025-06-01,Crédit,208442,Web,Plateau
903515,1176,2025-06-01,Débit,39496,Mobile,Cocody
903516,1107,2025-06-01,Débit,438343,Web,Cocody
903517,1130,2025-06-01,Crédit,400035,GAB,Plateau
903518,1226,2025-06-01,Débit,595559,Mobile,Bouaké
903519,1222,2025-06-01,Débit,587176,Agence,Cocody
903520,1289,2025-06-01,Débit,782448,Web,Yopougon
903521,1134,2025-06-01,Débit,168864,Mobile,Yopougon
903522,1056,2025-06-01,Débit,779016,GAB,Cocody
903523,1237,2025-06-01,Débit,799936,Web,Cocody
903524,1277,2025-06-01,Débit,172840,Agence,Bouaké
903525,1114,2025-06-01,Crédit,688899,Agence,Yopougon
903526,1289,2025-06-01,Crédit,67389,GAB,Bouaké
903527,1215,2025-06-01,Crédit,419326,Mobile,Cocody
903528,1233,2025-06-01,Débit,584825,Mobile,Yopougon
903529,1106,2025-06-01,Crédit,282636,Mobile,Plateau
903530,1232,2025-06-01,Débit,535228,Web,Yopougon
903531,1002,2025-06-01,Crédit,789527,Web,Yopougon
903532,1212,2025-06-01,Débit,182886,Agence,Plateau
903533,1053,2025-06-01,Débit,628925,Agence,Cocody
903534,1096,2025-06-01,Débit,394444,Mobile,Cocody
903535,1017,2025-06-01,Crédit,276631,Agence,Cocody
903536,1089,2025-06-01,Débit,370424,GAB,Cocody
903537,1106,2025-06-01,Débit,11879,GAB,Cocody
903538,1184,2025-06-01,Débit,47715,GAB,Yopougon
903539,1170,2025-06-01,Crédit,67263,Agence,Cocody
903540,1173,2025-06-01,Crédit,349520,Agence,Cocody
903541,1208,2025-06-01,Crédit,733909,GAB,Cocody
903542,1126,2025-06-01,Débit,175080,Mobile,Cocody
903543,1202,2025-06-01,Débit,625857,Web,Cocody
903544,1004,2025-06-01,Débit,368666,GAB,Plateau
903545,1065,2025-06-01,Crédit,794219,Mobile,Plateau
903546,1083,2025-06-01,Débit,470914,Mobile,Bouaké
903547,1161,2025-06-01,Débit,64183,Agence,Cocody
903548,1125,2025-06-01,Crédit,425991,GAB,Plateau
903549,1247,2025-06-01,Crédit,328999,Mobile,Yopougon
903550,1082,2025-06-01,Débit,20610,Web,Cocody
903551,1138,2025-06-01,Débit,598868,GAB,Bouaké
903552,1176,2025-06-01,Débit,619420,GAB,Cocody
903553,1203,2025-06-01,Crédit,84705,GAB,Plateau
903554,1247,2025-06-01,Crédit,248394,Web,Cocody
903555,1217,2025-06-01,Crédit,501450,Mobile,Cocody
903556,1261,2025-06-01,Crédit,269109,Web,Plateau
903557,1073,2025-06-01,Débit,655967,Web,Plateau
903558,1230,2025-06-01,Débit,32734,Agence,Cocody
903559,1273,2025-06-01,Crédit,335726,GAB,Yopougon
903560,1032,2025-06-01,Débit,179289,Agence,Plateau
903561,1182,2025-06-01,Débit,352985,Mobile,Plateau
903562,1163,2025-06-01,Débit,289065,GAB,Cocody
903563,1052,2025-06-01,Débit,319061,GAB,Plateau
903564,1265,2025-06-01,Crédit,513679,Web,Cocody
903565,1134,2025-06-01,Crédit,639875,GAB,Yopougon
903566,1129,2025-06-01,Débit,165773,Agence,Cocody
903567,1131,2025-06-01,Crédit,739435,Agence,Cocody
903568,1004,2025-06-01,Crédit,574095,Web,Bouaké
903569,1022,2025-06-01,Crédit,521643,Web,Cocody
903570,1107,2025-06-01,Débit,799352,GAB,Bouaké
903571,1182,2025-06-01,Débit,380357,Agence,Cocody
903572,1175,2025-06-01,Crédit,756212,Mobile,Bouaké
903573,1141,2025-06-01,Débit,550013,Mobile,Yopougon
903574,1270,2025-06-01,Débit,779706,GAB,Yopougon
903575,1224,2025-06-01,Crédit,146532,Web,Cocody
903576,1010,2025-06-01,Crédit,422226,Web,Cocody
903577,1300,2025-06-01,Débit,385017,Mobile,Cocody
903578,1164,2025-06-01,Crédit,89046,Web,Cocody
903579,1285,2025-06-01,Débit,185998,GAB,Yopougon
903580,1005,2025-06-01,Débit,564188,GAB,Yopougon
903581,1208,2025-06-01,Débit,798701,Mobile,Bouaké
903582,1089,2025-06-01,Crédit,202869,Mobile,Cocody
903583,1007,2025-06-01,Débit,182762,GAB,Cocody
903584,1141,2025-06-01,Débit,306437,GAB,Plateau
903585,1007,2025-06-01,Crédit,418578,GAB,Bouaké
903586,1021,2025-06-01,Débit,434821,Web,Plateau
903587,1135,2025-06-01,Crédit,60171,Mobile,Bouaké
903588,1100,2025-06-01,Débit,74995,Web,Yopougon
903589,1021,2025-06-01,Débit,757014,GAB,Plateau
903590,1026,2025-06-01,Débit,607848,GAB,Cocody
903591,1190,2025-06-01,Débit,569913,GAB,Cocody
903592,1083,2025-06-01,Crédit,491204,Agence,Plateau
903593,1114,2025-06-01,Crédit,11070,Agence,Bouaké
903594,1011,2025-06-01,Débit,488816,Web,Plateau
903595,1165,2025-06-01,Crédit,299635,Web,Plateau
903596,1215,2025-06-01,Débit,502026,Web,Cocody
903597,1201,2025-06-01,Crédit,233997,Mobile,Plateau
903598,1008,2025-06-01,Crédit,244357,Web,Cocody
903599,1103,2025-06-01,Crédit,449238,Agence,Bouaké
903600,1218,2025-06-01,Débit,238760,Agence,Cocody
903601,1102,2025-06-01,Crédit,125236,Agence,Yopougon
903602,1145,2025-06-01,Débit,461416,Mobile,Cocody
903603,1103,2025-06-01,Débit,412989,Mobile,Yopougon
903604,1148,2025-06-01,Débit,790242,GAB,Bouaké
903605,1092,2025-06-01,Crédit,497692,Web,Yopougon
903606,1245,2025-06-01,Crédit,793583,Agence,Bouaké
903607,1107,2025-06-01,Crédit,638764,Mobile,Cocody
903608,1024,2025-06-01,Crédit,454384,Agence,Bouaké
903609,1168,2025-06-01,Crédit,109948,Web,Plateau
903610,1045,2025-06-01,Crédit,654826,GAB,Cocody
903611,1154,2025-06-01,Débit,48176,GAB,Yopougon
903612,1287,2025-06-01,Débit,471927,Mobile,Yopougon
903613,1137,2025-06-01,Débit,525314,GAB,Cocody
903614,1138,2025-06-01,Crédit,454210,Mobile,Cocody
903615,1257,2025-06-01,Crédit,605414,Mobile,Bouaké
903616,1292,2025-06-01,Débit,178547,Mobile,Yopougon
903617,1275,2025-06-01,Crédit,786563,GAB,Bouaké
903618,1071,2025-06-01,Crédit,591585,Agence,Yopougon
903619,1240,2025-06-01,Débit,212471,Web,Yopougon
903620,1033,2025-06-01,Débit,8368,Mobile,Cocody
903621,1257,2025-06-01,Crédit,661221,Mobile,Bouaké
903622,1138,2025-06-01,Débit,100808,Web,Yopougon
903623,1121,2025-06-01,Crédit,623624,Agence,Plateau
903624,1298,2025-06-01,Débit,505124,Agence,Yopougon
903625,1219,2025-06-01,Débit,324527,Web,Bouaké
903626,1049,2025-06-01,Crédit,237919,Web,Yopougon
903627,1142,2025-06-01,Débit,484237,Agence,Bouaké
903628,1193,2025-06-01,Débit,573571,Web,Yopougon
903629,1213,2025-06-01,Crédit,439208,Web,Cocody
903630,1199,2025-06-01,Débit,428763,Agence,Yopougon
903631,1153,2025-06-01,Débit,549700,Mobile,Plateau
903632,1031,2025-06-01,Débit,479807,Web,Cocody
903633,1296,2025-06-01,Débit,16631,Mobile,Yopougon
903634,1021,2025-06-01,Crédit,686377,Web,Plateau
903635,1149,2025-06-01,Débit,385990,Web,Bouaké
903636,1018,2025-06-01,Crédit,43278,GAB,Cocody
903637,1228,2025-06-01,Crédit,450441,GAB,Cocody
903638,1014,2025-06-01,Crédit,511511,Web,Cocody
903639,1012,2025-06-01,Crédit,498882,Agence,Cocody
903640,1094,2025-06-01,Débit,446062,Web,Bouaké
903641,1295,2025-06-01,Crédit,90230,Agence,Bouaké
903642,1261,2025-06-01,Crédit,350083,GAB,Yopougon
903643,1024,2025-06-01,Crédit,498594,GAB,Bouaké
903644,1105,2025-06-01,Crédit,717756,GAB,Bouaké
903645,1205,2025-06-01,Débit,782929,Mobile,Yopougon
903646,1012,2025-06-01,Crédit,603738,GAB,Cocody
903647,1061,2025-06-01,Crédit,66533,Mobile,Bouaké
903648,1040,2025-06-01,Crédit,720961,Web,Plateau
903649,1209,2025-06-01,Crédit,220936,GAB,Plateau
903650,1036,2025-06-01,Crédit,175770,Agence,Bouaké
903651,1099,2025-06-01,Débit,538693,Agence,Cocody
903652,1252,2025-06-01,Débit,594144,GAB,Bouaké
903653,1166,2025-06-01,Débit,249717,Web,Plateau
903654,1235,2025-06-01,Débit,564827,Web,Yopougon
903655,1135,2025-06-01,Débit,429909,Mobile,Cocody
903656,1016,2025-06-01,Débit,757839,GAB,Plateau
903657,1122,2025-06-01,Crédit,322180,Agence,Plateau
903658,1145,2025-06-01,Crédit,598054,Web,Bouaké
903659,1014,2025-06-01,Crédit,632902,GAB,Plateau
903660,1175,2025-06-01,Crédit,204073,Agence,Yopougon
903661,1133,2025-06-01,Débit,289745,GAB,Yopougon
903662,1126,2025-06-01,Débit,736250,GAB,Plateau
903663,1239,2025-06-01,Débit,439409,Web,Plateau
903664,1198,2025-06-01,Crédit,677025,Mobile,Cocody
903665,1059,2025-06-01,Crédit,681541,Agence,Plateau
903666,1195,2025-06-01,Crédit,614137,GAB,Plateau
903667,1169,2025-06-01,Débit,214414,Web,Plateau
903668,1059,2025-06-01,Crédit,62041,GAB,Bouaké
903669,1153,2025-06-01,Débit,472944,Agence,Cocody
903670,1016,2025-06-01,Débit,547723,Agence,Bouaké
903671,1082,2025-06-01,Crédit,162519,GAB,Bouaké
903672,1282,2025-06-01,Débit,687918,Mobile,Yopougon
903673,1270,2025-06-01,Crédit,793807,Agence,Plateau
903674,1235,2025-06-01,Débit,546421,Mobile,Cocody
903675,1240,2025-06-01,Crédit,98131,Agence,Bouaké
903676,1277,2025-06-01,Débit,448529,Agence,Bouaké
903677,1057,2025-06-01,Débit,500187,Web,Bouaké
903678,1068,2025-06-01,Débit,589548,Agence,Cocody
903679,1009,2025-06-01,Débit,660255,Agence,Bouaké
903680,1030,2025-06-01,Débit,446743,GAB,Yopougon
903681,1144,2025-06-01,Crédit,233948,Mobile,Bouaké
903682,1095,2025-06-01,Crédit,355232,Web,Plateau
903683,1042,2025-06-01,Débit,16484,Mobile,Cocody
903684,1153,2025-06-01,Débit,694574,Mobile,Cocody
903685,1209,2025-06-01,Débit,619011,Agence,Cocody
903686,1115,2025-06-01,Crédit,386924,GAB,Plateau
903687,1094,2025-06-01,Crédit,602558,Web,Bouaké
903688,1031,2025-06-01,Débit,644678,Web,Bouaké
903689,1001,2025-06-01,Débit,795851,Mobile,Cocody
903690,1193,2025-06-01,Crédit,144416,Mobile,Plateau
903691,1181,2025-06-01,Crédit,238104,Web,Yopougon
903692,1257,2025-06-01,Débit,738911,Web,Yopougon
903693,1143,2025-06-01,Débit,259879,Web,Yopougon
903694,1262,2025-06-01,Débit,129630,Mobile,Bouaké
903695,1256,2025-06-01,Débit,547921,Mobile,Yopougon
903696,1205,2025-06-01,Crédit,164666,GAB,Cocody
903697,1119,2025-06-01,Crédit,45307,Web,Bouaké
903698,1238,2025-06-01,Crédit,302485,Agence,Cocody
903699,1191,2025-06-01,Crédit,599487,Web,Cocody
903700,1070,2025-06-01,Débit,274035,GAB,Bouaké
903701,1095,2025-06-01,Débit,435680,GAB,Plateau
903702,1197,2025-06-01,Crédit,422495,Agence,Bouaké
903703,1292,2025-06-01,Crédit,190514,GAB,Yopougon
903704,1194,2025-06-01,Débit,621549,GAB,Cocody
903705,1165,2025-06-01,Crédit,424238,Web,Bouaké
903706,1231,2025-06-01,Débit,395247,Web,Plateau
903707,1155,2025-06-01,Débit,264060,Mobile,Cocody
903708,1026,2025-06-01,Crédit,642543,GAB,Plateau
903709,1168,2025-06-01,Débit,637419,GAB,Plateau
903710,1080,2025-06-01,Débit,427000,Agence,Plateau
903711,1003,2025-06-01,Débit,308660,Mobile,Plateau
903712,1239,2025-06-01,Crédit,158924,Agence,Yopougon
903713,1117,2025-06-01,Débit,303051,Agence,Cocody
903714,1154,2025-06-01,Débit,22493,GAB,Bouaké
903715,1165,2025-06-01,Débit,671441,Web,Cocody
903716,1017,2025-06-01,Crédit,680731,Mobile,Bouaké
903717,1153,2025-06-01,Débit,783339,GAB,Yopougon
903718,1006,2025-06-01,Crédit,656254,GAB,Plateau
903719,1266,2025-06-01,Débit,249876,Mobile,Cocody
903720,1016,2025-06-01,Crédit,452349,Web,Plateau
903721,1134,2025-06-01,Crédit,136179,Agence,Yopougon
903722,1206,2025-06-01,Débit,9523,Agence,Bouaké
903723,1187,2025-06-01,Débit,663450,Agence,Bouaké
903724,1210,2025-06-01,Crédit,110386,Web,Yopougon
903725,1246,2025-06-01,Débit,799501,Mobile,Plateau
903726,1159,2025-06-01,Débit,327283,Web,Yopougon
903727,1062,2025-06-01,Débit,338434,GAB,Plateau
903728,1100,2025-06-01,Crédit,697559,Mobile,Bouaké
903729,1050,2025-06-01,Débit,59347,Web,Bouaké
903730,1254,2025-06-01,Débit,678567,GAB,Plateau
903731,1255,2025-06-01,Crédit,70126,GAB,Bouaké
903732,1045,2025-06-01,Débit,52173,GAB,Yopougon
903733,1299,2025-06-01,Débit,624484,GAB,Bouaké
903734,1100,2025-06-01,Débit,486948,Agence,Cocody
903735,1153,2025-06-01,Débit,313200,Mobile,Yopougon
903736,1230,2025-06-01,Crédit,581664,Agence,Yopougon
903737,1253,2025-06-01,Crédit,31919,Web,Bouaké
903738,1066,2025-06-01,Débit,335525,Agence,Plateau
903739,1241,2025-06-01,Crédit,341962,Agence,Plateau
903740,1242,2025-06-01,Débit,726484,Mobile,Plateau
903741,1248,2025-06-01,Débit,694344,GAB,Yopougon
903742,1041,2025-06-01,Crédit,373758,Web,Cocody
903743,1131,2025-06-01,Débit,639407,Agence,Yopougon
903744,1261,2025-06-01,Débit,366038,Mobile,Plateau
903745,1049,2025-06-01,Crédit,478842,Mobile,Yopougon
903746,1201,2025-06-01,Crédit,265965,Agence,Bouaké
903747,1025,2025-06-01,Crédit,500761,Agence,Plateau
903748,1146,2025-06-01,Débit,621386,GAB,Plateau
903749,1160,2025-06-01,Crédit,331902,Agence,Yopougon
903750,1010,2025-06-01,Débit,638556,GAB,Cocody
903751,1042,2025-06-01,Débit,719051,GAB,Bouaké
903752,1202,2025-06-01,Débit,779284,Agence,Cocody
903753,1264,2025-06-01,Crédit,575412,Web,Yopougon
903754,1011,2025-06-01,Crédit,565126,Agence,Cocody
903755,1201,2025-06-01,Crédit,170096,Mobile,Plateau
903756,1196,2025-06-01,Crédit,730666,Web,Cocody
903757,1105,2025-06-01,Débit,364185,Web,Cocody
903758,1103,2025-06-01,Débit,204096,Web,Yopougon
903759,1135,2025-06-01,Débit,532577,Agence,Bouaké
903760,1250,2025-06-01,Débit,535148,Web,Plateau
903761,1087,2025-06-01,Débit,717506,Agence,Plateau
903762,1277,2025-06-01,Crédit,238159,Agence,Plateau
903763,1103,2025-06-01,Débit,413732,Web,Plateau
903764,1050,2025-06-01,Crédit,568204,Mobile,Yopougon
903765,1288,2025-06-01,Débit,364567,GAB,Bouaké
903766,1124,2025-06-01,Débit,695109,Agence,Plateau
903767,1207,2025-06-01,Débit,314611,Web,Cocody
903768,1076,2025-06-01,Débit,333769,GAB,Bouaké
903769,1004,2025-06-01,Crédit,505597,Mobile,Yopougon
903770,1143,2025-06-01,Crédit,508576,Agence,Cocody
903771,1101,2025-06-01,Débit,470350,Agence,Yopougon
903772,1200,2025-06-01,Débit,652586,Mobile,Cocody
903773,1296,2025-06-01,Crédit,446685,Web,Bouaké
903774,1209,2025-06-01,Débit,432237,GAB,Cocody
903775,1168,2025-06-01,Crédit,7910,Mobile,Cocody
903776,1007,2025-06-01,Débit,790425,Web,Plateau
903777,1274,2025-06-01,Crédit,22242,GAB,Yopougon
903778,1249,2025-06-01,Crédit,11226,GAB,Bouaké
903779,1265,2025-06-01,Crédit,55770,Mobile,Plateau
903780,1202,2025-06-01,Débit,48547,Web,Bouaké
903781,1123,2025-06-01,Crédit,13769,Mobile,Plateau
903782,1067,2025-06-01,Débit,683407,Web,Yopougon
903783,1005,2025-06-01,Débit,16480,GAB,Plateau
903784,1061,2025-06-01,Débit,66553,GAB,Plateau
903785,1074,2025-06-01,Crédit,146825,Agence,Yopougon
903786,1174,2025-06-01,Débit,727007,GAB,Bouaké
903787,1190,2025-06-01,Crédit,734928,Mobile,Cocody
903788,1058,2025-06-01,Débit,416485,Agence,Plateau
903789,1274,2025-06-01,Crédit,50086,GAB,Bouaké
903790,1179,2025-06-01,Crédit,314619,Mobile,Yopougon
903791,1140,2025-06-01,Débit,50974,Mobile,Yopougon
903792,1286,2025-06-01,Crédit,732172,Mobile,Yopougon
903793,1116,2025-06-01,Débit,135396,Agence,Plateau
903794,1281,2025-06-01,Crédit,369758,Mobile,Cocody
903795,1146,2025-06-01,Crédit,351209,Web,Bouaké
903796,1081,2025-06-01,Débit,631123,Mobile,Cocody
903797,1064,2025-06-01,Crédit,651479,Web,Plateau
903798,1162,2025-06-01,Crédit,403339,Agence,Cocody
903799,1210,2025-06-01,Débit,445400,GAB,Yopougon
903800,1278,2025-06-01,Crédit,36964,Web,Plateau
903801,1152,2025-06-01,Crédit,676452,GAB,Bouaké
903802,1208,2025-06-01,Débit,142449,GAB,Yopougon
903803,1033,2025-06-01,Crédit,533448,Mobile,Plateau
903804,1037,2025-06-01,Crédit,213716,Agence,Plateau
903805,1226,2025-06-01,Débit,717392,Agence,Bouaké
903806,1255,2025-06-01,Débit,336385,Web,Plateau
903807,1178,2025-06-01,Crédit,604871,Agence,Yopougon
903808,1067,2025-06-01,Débit,273079,Mobile,Plateau
903809,1108,2025-06-01,Débit,624425,Mobile,Yopougon
903810,1227,2025-06-01,Crédit,64364,Web,Yopougon
903811,1188,2025-06-01,Débit,106789,Mobile,Bouaké
903812,1299,2025-06-01,Débit,339829,Web,Plateau
903813,1294,2025-06-01,Débit,679219,Web,Bouaké
903814,1154,2025-06-01,Crédit,613946,GAB,Bouaké
903815,1170,2025-06-01,Crédit,134032,GAB,Cocody
903816,1166,2025-06-01,Crédit,281659,Web,Bouaké
903817,1281,2025-06-01,Débit,397435,Web,Plateau
903818,1096,2025-06-01,Débit,787334,Web,Bouaké
903819,1046,2025-06-01,Crédit,261230,Agence,Plateau
903820,1289,2025-06-01,Débit,176906,Agence,Yopougon
903821,1222,2025-06-01,Crédit,258645,GAB,Cocody
903822,1074,2025-06-01,Crédit,228033,GAB,Cocody
903823,1290,2025-06-01,Crédit,308138,Mobile,Plateau
903824,1096,2025-06-01,Débit,342809,GAB,Cocody
903825,1203,2025-06-01,Crédit,399329,GAB,Yopougon
903826,1085,2025-06-01,Crédit,501393,GAB,Cocody
903827,1115,2025-06-01,Crédit,688362,GAB,Plateau
903828,1070,2025-06-01,Débit,724334,GAB,Plateau
903829,1295,2025-06-01,Débit,268572,Agence,Plateau
903830,1217,2025-06-01,Débit,244026,GAB,Yopougon
903831,1151,2025-06-01,Débit,227736,Mobile,Bouaké
903832,1037,2025-06-01,Débit,642647,Agence,Bouaké
903833,1170,2025-06-01,Crédit,93189,Mobile,Yopougon
903834,1176,2025-06-01,Débit,412900,Agence,Bouaké
903835,1166,2025-06-01,Crédit,601004,Agence,Cocody
903836,1283,2025-06-01,Débit,135355,Agence,Plateau
903837,1202,2025-06-01,Crédit,262797,GAB,Cocody
903838,1095,2025-06-01,Crédit,660797,GAB,Cocody
903839,1253,2025-06-01,Crédit,495145,Web,Cocody
903840,1105,2025-06-01,Débit,439286,Agence,Bouaké
903841,1206,2025-06-01,Crédit,770579,Web,Plateau
903842,1227,2025-06-01,Débit,222406,Mobile,Plateau
903843,1122,2025-06-01,Crédit,41231,Mobile,Yopougon
903844,1087,2025-06-01,Crédit,146843,Mobile,Plateau
903845,1020,2025-06-01,Crédit,747454,Mobile,Plateau
903846,1068,2025-06-01,Crédit,288376,Agence,Bouaké
903847,1243,2025-06-01,Crédit,535935,GAB,Bouaké
903848,1233,2025-06-01,Crédit,149409,Mobile,Plateau
903849,1221,2025-06-01,Débit,19463,Agence,Cocody
903850,1208,2025-06-01,Débit,538050,Mobile,Bouaké
903851,1135,2025-06-01,Crédit,769336,Agence,Yopougon
903852,1294,2025-06-01,Crédit,285248,Mobile,Bouaké
903853,1107,2025-06-01,Débit,553110,GAB,Bouaké
903854,1295,2025-06-01,Crédit,632212,Agence,Yopougon
903855,1260,2025-06-01,Crédit,41051,Mobile,Yopougon
903856,1008,2025-06-01,Crédit,631225,GAB,Cocody
903857,1214,2025-06-01,Crédit,316006,GAB,Cocody
903858,1068,2025-06-01,Débit,624160,Mobile,Bouaké
903859,1052,2025-06-01,Débit,110742,GAB,Plateau
903860,1054,2025-06-01,Crédit,650836,Mobile,Yopougon
903861,1117,2025-06-01,Crédit,22074,Agence,Plateau
903862,1094,2025-06-01,Crédit,463162,GAB,Cocody
903863,1099,2025-06-01,Crédit,526884,Mobile,Cocody
903864,1083,2025-06-01,Crédit,422009,Web,Bouaké
903865,1033,2025-06-01,Débit,140022,GAB,Bouaké
903866,1270,2025-06-01,Crédit,65616,Mobile,Yopougon
903867,1035,2025-06-01,Crédit,552520,Agence,Bouaké
903868,1040,2025-06-01,Débit,736809,Mobile,Yopougon
903869,1206,2025-06-01,Crédit,495249,Mobile,Bouaké
903870,1013,2025-06-01,Crédit,545345,Web,Bouaké
903871,1138,2025-06-01,Crédit,207163,GAB,Plateau
903872,1228,2025-06-01,Débit,216110,Web,Plateau
903873,1026,2025-06-01,Débit,606809,GAB,Bouaké
903874,1043,2025-06-01,Crédit,425244,GAB,Plateau
903875,1051,2025-06-01,Crédit,343324,Mobile,Yopougon
903876,1231,2025-06-01,Crédit,296276,Mobile,Bouaké
903877,1268,2025-06-01,Crédit,343138,Mobile,Yopougon
903878,1253,2025-06-01,Crédit,109727,GAB,Yopougon
903879,1241,2025-06-01,Crédit,292936,Agence,Plateau
903880,1027,2025-06-01,Crédit,554217,Web,Yopougon
903881,1267,2025-06-01,Crédit,561746,GAB,Yopougon
903882,1030,2025-06-01,Crédit,79754,Web,Bouaké
903883,1181,2025-06-01,Crédit,345887,Agence,Cocody
903884,1090,2025-06-01,Crédit,322232,Mobile,Plateau
903885,1263,2025-06-01,Crédit,315489,Agence,Cocody
903886,1104,2025-06-01,Débit,559994,Web,Bouaké
903887,1009,2025-06-01,Débit,338738,Web,Plateau
903888,1033,2025-06-01,Crédit,25845,GAB,Bouaké
903889,1100,2025-06-01,Débit,657435,Mobile,Yopougon
903890,1079,2025-06-01,Débit,542599,Web,Plateau
903891,1089,2025-06-01,Débit,732383,Mobile,Plateau
903892,1277,2025-06-01,Débit,36873,Mobile,Plateau
903893,1109,2025-06-01,Crédit,705420,Agence,Bouaké
903894,1034,2025-06-01,Crédit,630346,Web,Bouaké
903895,1070,2025-06-01,Crédit,357987,GAB,Yopougon
903896,1057,2025-06-01,Débit,385191,Web,Yopougon
903897,1270,2025-06-01,Débit,318339,Mobile,Plateau
903898,1238,2025-06-01,Débit,376130,Web,Bouaké
903899,1154,2025-06-01,Débit,605872,Mobile,Bouaké
903900,1115,2025-06-01,Crédit,714708,Agence,Yopougon
903901,1300,2025-06-01,Débit,152173,Web,Plateau
903902,1087,2025-06-01,Crédit,288393,GAB,Plateau
903903,1120,2025-06-01,Débit,375959,GAB,Yopougon
903904,1267,2025-06-01,Crédit,645180,Agence,Bouaké
903905,1098,2025-06-01,Crédit,166024,Agence,Cocody
903906,1050,2025-06-01,Crédit,702290,Web,Bouaké
903907,1147,2025-06-01,Crédit,487634,Mobile,Yopougon
903908,1059,2025-06-01,Crédit,74933,Web,Yopougon
903909,1268,2025-06-01,Débit,216253,Agence,Cocody
903910,1164,2025-06-01,Crédit,735156,Mobile,Plateau
903911,1293,2025-06-01,Crédit,171905,GAB,Cocody
903912,1087,2025-06-01,Crédit,37640,Mobile,Bouaké
903913,1144,2025-06-01,Débit,486554,Web,Bouaké
903914,1150,2025-06-01,Débit,108449,Web,Cocody
903915,1002,2025-06-01,Crédit,427424,GAB,Cocody
903916,1045,2025-06-01,Crédit,101754,Agence,Bouaké
903917,1277,2025-06-01,Débit,314226,GAB,Bouaké
903918,1186,2025-06-01,Crédit,595480,Mobile,Bouaké
903919,1281,2025-06-01,Débit,445830,GAB,Cocody
903920,1069,2025-06-01,Crédit,765147,GAB,Cocody
903921,1243,2025-06-01,Débit,477184,Agence,Cocody
903922,1088,2025-06-01,Débit,499431,Agence,Plateau
903923,1220,2025-06-01,Crédit,290980,Web,Plateau
903924,1283,2025-06-01,Crédit,493652,Web,Yopougon
903925,1133,2025-06-01,Débit,662582,Web,Bouaké
903926,1255,2025-06-01,Crédit,334121,GAB,Plateau
903927,1279,2025-06-01,Débit,479410,GAB,Bouaké
903928,1264,2025-06-01,Débit,374877,Agence,Yopougon
903929,1253,2025-06-01,Débit,589923,Mobile,Yopougon
903930,1262,2025-06-01,Crédit,180791,Web,Cocody
903931,1259,2025-06-01,Crédit,582234,Web,Bouaké
903932,1106,2025-06-01,Débit,168110,Agence,Bouaké
903933,1205,2025-06-01,Débit,163269,GAB,Bouaké
903934,1056,2025-06-01,Débit,125079,Agence,Yopougon
903935,1046,2025-06-01,Débit,167200,Web,Plateau
903936,1262,2025-06-01,Débit,32842,Web,Plateau
903937,1206,2025-06-01,Crédit,755013,Agence,Plateau
903938,1025,2025-06-01,Crédit,619608,GAB,Cocody
903939,1247,2025-06-01,Débit,623114,GAB,Bouaké
903940,1284,2025-06-01,Débit,239780,Mobile,Bouaké
903941,1156,2025-06-01,Crédit,53465,GAB,Yopougon
903942,1023,2025-06-01,Crédit,519672,Mobile,Bouaké
903943,1262,2025-06-01,Crédit,548754,GAB,Cocody
903944,1174,2025-06-01,Crédit,729059,Web,Plateau
903945,1250,2025-06-01,Crédit,252595,Agence,Cocody
903946,1112,2025-06-01,Débit,343590,Mobile,Yopougon
903947,1022,2025-06-01,Crédit,466350,Agence,Yopougon
903948,1066,2025-06-01,Débit,555290,Web,Cocody
903949,1265,2025-06-01,Crédit,750441,Mobile,Yopougon
903950,1023,2025-06-01,Crédit,390503,GAB,Plateau
903951,1040,2025-06-01,Crédit,71994,Mobile,Bouaké
903952,1027,2025-06-01,Débit,794098,GAB,Cocody
903953,1166,2025-06-01,Débit,213092,Web,Bouaké
903954,1059,2025-06-01,Crédit,663280,Web,Plateau
903955,1020,2025-06-01,Crédit,477209,Web,Plateau
903956,1073,2025-06-01,Débit,674840,Mobile,Yopougon
903957,1183,2025-06-01,Crédit,542267,Mobile,Yopougon
903958,1211,2025-06-01,Crédit,607412,Mobile,Plateau
903959,1119,2025-06-01,Crédit,765877,Web,Yopougon
903960,1012,2025-06-01,Débit,457991,GAB,Cocody
903961,1164,2025-06-01,Crédit,234249,Web,Cocody
903962,1061,2025-06-01,Crédit,615577,Web,Yopougon
903963,1232,2025-06-01,Débit,635634,GAB,Bouaké
903964,1120,2025-06-01,Débit,538771,Web,Cocody
903965,1020,2025-06-01,Débit,597377,Agence,Yopougon
903966,1287,2025-06-01,Crédit,744477,Mobile,Cocody
903967,1117,2025-06-01,Débit,188553,Mobile,Plateau
903968,1193,2025-06-01,Crédit,77322,Mobile,Yopougon
903969,1276,2025-06-01,Débit,616401,Web,Bouaké
903970,1013,2025-06-01,Crédit,222373,Mobile,Yopougon
903971,1197,2025-06-01,Crédit,748460,Mobile,Bouaké
903972,1091,2025-06-01,Débit,367153,Mobile,Yopougon
903973,1043,2025-06-01,Crédit,285740,Agence,Bouaké
903974,1033,2025-06-01,Crédit,8080,Mobile,Plateau
903975,1083,2025-06-01,Débit,85659,Agence,Bouaké
903976,1290,2025-06-01,Débit,681887,Mobile,Plateau
903977,1117,2025-06-01,Crédit,291740,Web,Bouaké
903978,1030,2025-06-01,Crédit,594774,GAB,Bouaké
903979,1231,2025-06-01,Crédit,32085,GAB,Cocody
903980,1275,2025-06-01,Crédit,307635,GAB,Cocody
903981,1015,2025-06-01,Débit,450385,Mobile,Plateau
903982,1295,2025-06-01,Crédit,746427,GAB,Plateau
903983,1286,2025-06-01,Débit,440805,Web,Bouaké
903984,1236,2025-06-01,Débit,633918,Web,Bouaké
903985,1212,2025-06-01,Crédit,86746,Agence,Cocody
903986,1161,2025-06-01,Crédit,257193,Mobile,Cocody
903987,1017,2025-06-01,Débit,139223,GAB,Cocody
903988,1138,2025-06-01,Débit,80885,GAB,Bouaké
903989,1217,2025-06-01,Débit,446425,Web,Yopougon
903990,1009,2025-06-01,Débit,502395,Web,Plateau
903991,1168,2025-06-01,Débit,671542,Mobile,Yopougon
903992,1207,2025-06-01,Débit,292674,Mobile,Plateau
903993,1085,2025-06-01,Débit,262229,Mobile,Plateau
903994,1235,2025-06-01,Crédit,419662,Mobile,Bouaké
903995,1158,2025-06-01,Débit,400202,Agence,Plateau
903996,1282,2025-06-01,Crédit,263298,Web,Cocody
903997,1195,2025-06-01,Débit,74713,Mobile,Bouaké
903998,1172,2025-06-01,Crédit,615950,GAB,Cocody
903999,1249,2025-06-01,Crédit,398875,Mobile,Plateau
904000,1153,2025-06-01,Débit,32604,GAB,Yopougon
